ID	TOKENS	PROTOFORM	IPA	COUNTERPART	COGIDS	DOCULECT	NOTE	STRUCTURE	BORROWING	CONCEPT	PROTO	GLOSSID
510	ɑ d ə r	*nadrō	ɑɑdər	adder	139	Dutch				adder	*nadrō	1
509	æ d ə	*nadrō	ædə	adder	139	English				adder	*nadrō	1
1933	n ǣ d r e	*nadrō	ædə	nǣdre	139	Old_English	Source: Wiktionary etymology (template:inh) | Source: Wiktionary etymology (template:inh)			adder	*nadrō	1
508	ɔ t ə r	*nadrō	ɔtər	Otter	139	German				adder	*nadrō	1
1431	b ɑ k ə	*bakăną	bɑkə	bakken	391	Dutch				bake	*bakăną	2
1430	b eɪ k	*bakăną	beɪk	bake	391	English				bake	*bakăną	2
1934	b a c a n	*bakaną	beɪk	bacan	391	Old_English	Source: Wiktionary etymology (template:inh) | Source: Wiktionary etymology (template:inh) | Proto encoding: -aną (full vowel) for A-restoration; R/T §6.3.1			bake	*bakaną	2
1429	b a k ə n	*bakăną	bakən	backen	391	German	BOR	C V c v c		bake	*bakăną	2
314	b ɑ l	*balluz	bɑl	bal	87	Dutch				ball	*balluz	3
313	b ɔː l	*balluz	bɔːl	ball	87	English				ball	*balluz	3
1935	* b e a l l	*balluz	bɔːl	-	87	Old_English	Source: Wiktionary etymology (template:inh) | Source: Wiktionary etymology (template:inh) | Unattested OE; reconstructed *beall.			ball	*balluz	3
312	b a l	*balluz	bal	Ball	87	German		C V C		ball	*balluz	3
521	b ɑ n	*banną	bɑn	ban	142	Dutch				ban	*banną	4
520	b æ n	*banną	bæn	ban	142	English				ban	*banną	4
1936	b a n n	*banną	bæn	bann	142	Old_English	TSV: bannan (verb inf.) → bann (noun, masc. a-stem nom.sg.); *banną is neut./masc. a-stem			ban	*banną	4
519	b a n	*banną	ban	Bann	142	German		C V C		ban	*banną	4
221	b ɛ r x	*bergą	bɛrx	berg	61	Dutch				barrow	*bergą	5
220	b æ r əʊ	*bergą	bærəʊ	barrow	61	English				barrow	*bergą	5
1937	b e o r g	*bergą	bærəʊ	beorg	61	Old_English	Source: Wiktionary etymology (template:inh) | Source: Wiktionary etymology (template:inh)			barrow	*bergą	5
219	b ɛ r k	*bergą	bɛrk	Berg	61	German				barrow	*bergą	5
1634	b ɑ s t	*bastą	bɑst	bast	448	Dutch				bast	*bastą	6
1633	b æ s t	*bastą	bæst	bast	448	English				bast	*bastą	6
1938	b æ s t	*bastą	bæst	bæst	448	Old_English	Source: Wiktionary etymology (template:inh) | Source: Wiktionary etymology (template:inh)			bast	*bastą	6
1632	b a s t	*bastą	bast	Bast	448	German		C V C C		bast	*bastą	6
1313	b ɑ t	*baθą	bɑt	bad	360	Dutch				bath	*baθą	7
1312	b ɑː θ	*baθą	bɑːθ	bath	360	English				bath	*baθą	7
1939	b æ þ	*baθą	bɑːθ	bæþ	360	Old_English	Source: Wiktionary etymology (template:inh) | Source: Wiktionary etymology (template:inh)			bath	*baθą	7
1311	b aː d	*baθą	baːt	Bad	360	German				bath	*baθą	7
1177	b aː r t	*bardăz	baːrt	baard	322	Dutch				beard	*bardăz	8
1176	b ɪə d	*bardăz	bɪəd	beard	322	English				beard	*bardăz	8
1940	b e a r d	*bardăz	bɪəd	beard	322	Old_English	Source: Wiktionary etymology (template:inh) | Source: Wiktionary etymology (template:inh)			beard	*bardăz	8
1175	b aː r t	*bardăz	baːrt	Bart	322	German		C V C C		beard	*bardăz	8
1854	b eː v ə r	*bebruz	beːvər	bever	508	Dutch				beaver	*bebruz	9
1853	b iː v ə	*bebruz	biːvə	beaver	508	English				beaver	*bebruz	9
1941	b e f e r	*bebruz	biːvə	befer	508	Old_English	Source: Wiktionary etymology (template:inh) | Source: Wiktionary etymology (template:inh)			beaver	*bebruz	9
1852	b iː b ə r	*bebruz	biːbər	Biber	508	German				beaver	*bebruz	9
1865	b øː k ə b oː m	*bōkō	bøːkəboːm	beukeboom	511	Dutch				beech	*bōkō	10
1864	b iː ʧ	*bōkō	biːʧ	beech	511	English				beech	*bōkō	10
1942	b ō c	*bōkō	biːʧ	bōc	511	Old_English	Kroonen *bōk(j)ō- f. > OE bōc (nom.sg.); bēċe is oblique form			beech	*bōkō	10
1863	b uː x ə	*bōkō	buːxə	Buche	511	German				beech	*bōkō	10
1154	b ə ɣ ɪ n ə	*biginnăną	bəɣɪnə	beginnen	316	Dutch				begin	*biginnăną	11
1153	b ɪ ɡ ɪ n	*biginnăną	bɪɡɪn	begin	316	English				begin	*biginnăną	11
1943	b e ġ i n n a n	*biginnăną	bɪɡɪn	beġinnan	316	Old_English	Palatalization of *g between *i and *i is regular per R/T §6.4.1 Rule 1. OE beġinnan confirmed (Wiktionary, BT).			begin	*biginnăną	11
1152	b ə ɡ ɪ n ə n	*biginnăną	bəɡɪnən	beginnen	316	German				begin	*biginnăną	11
266	x ə l oː v ə	*galaubjăną	xəloːvə	geloven	73	Dutch	Proto: *laubjăną → *galaubjăną (ga- prefix set: Du. geloven, G glauben, OE ġelīefan)			believe	*galaubjăną	12
265			bɪliːv		73	English	Out-of-set: ME believe < OE belīefan (be- prefixed *bilaubijan), distinct from ge-/ga- formation			believe	*galaubjăną	12
1944	ġ e l ī e f a n	*galaubjăną	bɪliːv	ġelīefan	73	Old_English	TSV: belīefan → ġelīefan (WS ge- formation; cf. Du. geloven, G glauben)			believe	*galaubjăną	12
264	ɡ l au b ə n	*galaubjăną	ɡlaubən	glauben	73	German	Proto: *laubjăną → *galaubjăną (ga- prefix set)			believe	*galaubjăną	12
1688	b ɑ l x	*balgiz	bɑlx	balg	462	Dutch				belly	*balgiz	13
1687	b ɛ l ɪ	*balgiz	bɛlɪ	belly	462	English				belly	*balgiz	13
1945	b i e l ġ	*balgiz	wɒmb	bielġ	462	Old_English	Source: Wiktionary Old English Swadesh list (retrieved 2025-12-12) | Source: Wiktionary etymology (template:inh) | Source: Wiktionary etymology (template:inh)			belly	*balgiz	13
1686	b a l k	*balgiz	balk	Balg	462	German		C V C C		belly	*balgiz	13
262	b ɛ s	*bazją	bɛs	bes	72	Dutch				berry	*bazją	14
261	b ɛ r ɪ	*bazją	bɛrɪ	berry	72	English				berry	*bazją	14
1946	b e r ġ e s	*bazjas	berġes	berġes	72	Old_English	Source: Wiktionary etymology (template:inh) | Source: Wiktionary etymology (template:inh) | Note: using gen.sg. *bazjas (> berġes); R/T vol.2 §6.8.2: *rj did not geminate in PWGmc			berry	*bazjas	14
260	b eː r ə	*bazją	beːrə	Beere	72	German				berry	*bazją	14
546	b iː d ə	*beudăną	biːdə	bieden	149	Dutch				bid	*beudăną	15
1453	b ɪ d ə	*bidjăną	bɪdə	bidden	397	Dutch				bid	*bidjăną	15
545	b ɪ d	*beudăną	bɪd	bid	149	English				bid	*beudăną	15
1947	b ɪ d	*beudăną	bɪd	-	149	Old_English	Source: Wiktionary etymology (template:der) | Source: Wiktionary etymology (template:der)			bid	*beudăną	15
1452	b ɪ d	*bidjăną	bɪd	bid	397	English				bid	*bidjăną	15
1948	b ɪ d	*bidjăną	bɪd	-	397	Old_English	Source: Wiktionary etymology (template:der) | Source: Wiktionary etymology (template:der)			bid	*bidjăną	15
544	b iː t ə n	*beudăną	biːtən	bieten	149	German				bid	*beudăną	15
1451	b ɪ t ə n	*bidjăną	bɪtən	bitten	397	German				bid	*bidjăną	15
472	b aː r	*barwōn	baːr	baar	129	Dutch				bier	*barwōn	16
471	b ɪə	*barwōn	bɪə	bier	129	English				bier	*barwōn	16
1949	b ǣ r	*bērō	bɪə	bǣr	129	Old_English	Wiktionary: PGmc *bērō > OE bēr/bǣr (bier); *barwōn is wrong lexeme			bier	*bērō	16
470	b aː r ə	*barwōn	baːrə	Bahre	129	German		C V C		bier	*barwōn	16
584	b ɪ n d ə	*bindăną	bɪndə	binden	160	Dutch				bind	*bindăną	17
583	b aɪ n d	*bindăną	baɪnd	bind	160	English				bind	*bindăną	17
1950	b i n d a n	*bindăną	baɪnd	bindan	160	Old_English	Source: Wiktionary etymology (template:inh) | Source: Wiktionary etymology (template:inh)			bind	*bindăną	17
582	b ɪ n d ə n	*bindăną	bɪndən	binden	160	German				bind	*bindăną	17
390	x ə b oː r t ə	*burdiz	xəboːrtə	geboorte	107	Dutch				birth	*burdiz	18
389	b ɜː θ	*burdiz	bɜːθ	birth	107	English				birth	*burdiz	18
1951	b y r d	*burdiz	bɜːθ	byrd	107	Old_English	Kroonen *burdi- f. > OE (ġe)byrd; using simplex without ge-			birth	*burdiz	18
388	ɡ ə b uː r t	*burdiz	ɡəbuːrt	Geburt	107	German				birth	*burdiz	18
856	b l uː t	*blōdą	bluːt	bloed	235	Dutch				blood	*blōdą	19
855	b l ʌ d	*blōdą	blʌd	blood	235	English				blood	*blōdą	19
1952	b l ō d	*blōdą	bloːd	blōd	235	Old_English	Source: Wiktionary Old English Swadesh list (retrieved 2025-12-12) | Source: Wiktionary etymology (template:inh) | Source: Wiktionary etymology (template:inh)			blood	*blōdą	19
854	b l uː t	*blōdą	bluːt	Blut	235	German				blood	*blōdą	19
1302	b ɔ r t	*burdą	bɔrt	bord	357	Dutch				board	*burdą	20
1301	b ɔː d	*burdą	bɔːd	board	357	English				board	*burdą	20
1953	b o r d	*burdą	bɔːd	bord	357	Old_English	Source: Wiktionary etymology (template:inh) | Source: Wiktionary etymology (template:inh)			board	*burdą	20
1300	b ɔ r t	*burdą	bɔrt	Bord	357	German	BOR		Low German	board	*burdą	20
1037	b eː n	*bainą	beːn	been	284	Dutch				bone	*bainą	21
1036	b əʊ n	*bainą	bəʊn	bone	284	English				bone	*bainą	21
1954	b ā n	*bainą	bɑːn	bān	284	Old_English	Proto: oblique *bainăn→*bainą (n. a-stem nom.sg.; Kroonen)			bone	*bainą	21
1035	b ai n	*bainą	bain	Bein	284	German		C V C		bone	*bainą	21
937	b uː k	*bōkz	buːk	boek	257	Dutch				book	*bōkz	22
936	b ʊ k	*bōkz	bʊk	book	257	English				book	*bōkz	22
1955	b ō c	*bōkz	bʊk	bōc	257	Old_English	Source: Wiktionary etymology (template:inh) | Source: Wiktionary etymology (template:inh)			book	*bōkz	22
935	b uː x	*bōkz	buːx	Buch	257	German				book	*bōkz	22
382	b oː r ə	*burōjăną	boːrə	boren	105	Dutch				bore	*burōjăną	23
381	b ɔː	*burōjăną	bɔː	bore	105	English				bore	*burōjăną	23
1956	b o r i a n	*burōjăną	bɔː	borian	105	Old_English	Source: Wiktionary etymology (template:inh) | Source: Wiktionary etymology (template:inh)			bore	*burōjăną	23
380	b oː r ə n	*burōjăną	boːrən	bohren	105	German				bore	*burōjăną	23
26	b uː z ə m	*bōsmăz	buːzəm	boezem	7	Dutch				bosom	*bōsmăz	24
25	b ʊ z ə m	*bōsmăz	bʊzəm	bosom	7	English				bosom	*bōsmăz	24
1957	b ō s m	*bōsmăz	bʊzəm	bōsm	7	Old_English	Source: Wiktionary etymology (template:inh) | Source: Wiktionary etymology (template:inh)			bosom	*bōsmăz	24
24	b uː z ə n	*bōsmăz	buːzən	Busen	7	German				bosom	*bōsmăz	24
641	b ɛɪ d ə	*bō	bɛɪdə	beide	176	Dutch				both	*bō	25
640	b əʊ θ	*bō	bəʊθ	both	176	English				both	*bō	25
1958	b ā ] ] [ [ þ ā	*bō	bəʊθ	bā]] [[þā	176	Old_English	Source: Wiktionary etymology (template:inh) | Source: Wiktionary etymology (template:inh)			both	*bō	25
639	b ai d ə	*bō	baidə	beide	176	German				both	*bō	25
818	b oː d ə m	*budmăz	boːdəm	bodem	224	Dutch				bottom	*budmăz	26
817	b ɔ t ə m	*budmăz	bɔtəm	bottom	224	English				bottom	*budmăz	26
1959	b o t m	*budmăz	bɔtəm	botm	224	Old_English	Source: Wiktionary etymology (template:inh) | Source: Wiktionary etymology (template:inh)			bottom	*budmăz	26
816	b oː d ə n	*budmăz	boːdən	Boden	224	German	BOR			bottom	*budmăz	26
224	b aʊ	*bōguz	baʊ	bough	62	English				bough	*bōguz	334
1960	b ō g	*bōguz	baʊ	bōg	62	Old_English	Source: Wiktionary etymology (template:inh) | Source: Wiktionary etymology (template:inh)			bough	*bōguz	334
223	b uː k	*bōguz	buːk	Bug	62	German				bough	*bōguz	334
1298	b œy ɣ ə	*baugjăną	bœyɣə	buigen	356	Dutch				bow	*baugjăną	27
930	b œy ɣ ə	*beugăną	bœyɣə	buigen	255	Dutch				bow	*beugăną	27
1420	b oː x	*bugô	boːx	boog	388	Dutch				bow	*bugô	27
1297	b əʊ	*baugjăną	bəʊ	bow	356	English				bow	*baugjăną	27
1961	b ī e ġ a n	*baugjăną	bəʊ	bīeġan	356	Old_English	Kroonen *baugjan- wv. 'to (make) bend' → OE bīeġan; boga is the noun *bugan-			bow	*baugjăną	27
929	b əʊ	*beugăną	bəʊ	bow	255	English				bow	*beugăną	27
1962	b ū g a n	*beugăną	bəʊ	būgan	255	Old_English	Kroonen *beugan- sv.2 'to bend, bow' → OE būgan; boga is the noun *bugan-			bow	*beugăną	27
1419	b əʊ	*bugô	bəʊ	bow	388	English				bow	*bugô	27
1963	b o g a	*bugô	bəʊ	boga	388	Old_English	Source: Wiktionary etymology (template:inh) | Source: Wiktionary etymology (template:inh)			bow	*bugô	27
1296	b ɔy ɡ ə n	*baugjăną	bɔyɡən	beugen	356	German		C V c - v c		bow	*baugjăną	27
928	b iː ɡ ə n	*beugăną	biːɡən	biegen	255	German				bow	*beugăną	27
1418	b oː ɡ ə n	*bugô	boːɡən	Bogen	388	German				bow	*bugô	27
1033	b uː r	*būrą	buːr	boer	283	Dutch				bower	*būrą	28
1032	b aʊ ə	*būrą	baʊə	bower	283	English				bower	*būrą	28
1964	b ū r	*būrą	baʊə	būr	283	Old_English	Source: Wiktionary etymology (template:inh) | Source: Wiktionary etymology (template:inh)			bower	*būrą	28
1031	b au ə r	*būrą	bauər	Bauer	283	German				bower	*būrą	28
798	b r ɑ n t	*brandăz	brɑnt	brand	218	Dutch				brand	*brandăz	29
797	b r æ n d	*brandăz	brænd	brand	218	English				brand	*brandăz	29
1965	b r a n d	*brandas	brænd	brandes	218	Old_English	Source: Wiktionary etymology (template:inh) | Source: Wiktionary etymology (template:inh)	 | Note: using gen.sg. *brandas (> brandes)		brand	*brandas	29
796	b r a n t	*brandăz	brant	Brand	218	German				brand	*brandăz	29
1158	b r oː t	*braudą	broːt	brood	317	Dutch				bread	*braudą	30
1157	b r ɛ d	*braudą	brɛd	bread	317	English				bread	*braudą	30
1966	b r ē a d	*braudą	brɛd	brēad	317	Old_English	Source: Wiktionary etymology (template:inh) | Source: Wiktionary etymology (template:inh)			bread	*braudą	30
1156	b r oː t	*braudą	broːt	Brot	317	German				bread	*braudą	30
503	b r eː k ə	*brekăną	breːkə	breken	137	Dutch				break	*brekăną	31
502	b r eɪ k	*brekăną	breɪk	break	137	English				break	*brekăną	31
1967	b r e c a n	*brekăną	breɪk	brecan	137	Old_English	Source: Wiktionary etymology (template:inh) | Source: Wiktionary etymology (template:inh)			break	*brekăną	31
501	b r ɛ x ə n	*brekăną	brɛxən	brechen	137	German				break	*brekăną	31
1773	b ɔ r s t	*brustz	bɔrst	borst	485	Dutch				breast	*brustz	32
1772	b r ɛ s t	*brustz	brɛst	breast	485	English				breast	*brustz	32
1968	b r ē o s t	*brustz	breːo̯st	brēost	485	Old_English	Source: Wiktionary Old English Swadesh list (retrieved 2025-12-12) | Source: Wiktionary etymology (template:inh) | Source: Wiktionary etymology (template:inh)			breast	*brustz	32
1771	b r ʊ s t	*brustz	brʊst	Brust	485	German				breast	*brustz	32
1516	b r uː k	*brōkiz	bruːk	broek	415	Dutch	Proto: *brekăną→*brōkiz (Kroonen *brōk- f. 'breeches', nom.pl. with i-mutation)			breeches	*brōkiz	33
1515	b r ʊ k	*brōkiz	brʊk	breeches	415	English	Proto: *brekăną→*brōkiz (Kroonen *brōk- f. 'breeches')			breeches	*brōkiz	33
1969	b r ē ċ	*brōkiz	brʊk	brēċ	415	Old_English	Proto: *brekăną→*brōkiz (Kroonen *brōk- f. 'breeches', nom.pl.; i-umlaut ō→ē)			breeches	*brōkiz	33
1514	b r ʊ x	*brōkiz	brʊx	Bruch	415	German	Proto: *brekăną→*brōkiz (Kroonen *brōk- f. 'breeches')			breeches	*brōkiz	33
296	b r œy t	*brūdiz	brœyt	bruid	82	Dutch				bride	*brūdiz	34
295	b r aɪ d	*brūdiz	braɪd	bride	82	English				bride	*brūdiz	34
1970	b r ȳ d	*brūdiz	braɪd	brȳd	82	Old_English	Source: Wiktionary etymology (template:inh) | Source: Wiktionary etymology (template:inh)			bride	*brūdiz	34
294	b r au t	*brūdiz	braut	Braut	82	German				bride	*brūdiz	34
1652	b r ɛ ŋ ə	*bringăną	brɛŋə	brengen	453	Dutch				bring	*bringăną	35
1651	b r ɪ ŋ	*bringăną	brɪŋ	bring	453	English				bring	*bringăną	35
1971	b r i n g a n	*bringăną	brɪŋ	bringan	453	Old_English	Source: Wiktionary etymology (template:inh) | Source: Wiktionary etymology (template:inh)			bring	*bringăną	35
1650	b r ɪ ŋ ə n	*bringăną	brɪŋən	bringen	453	German				bring	*bringăną	35
1136	x ə b r œy k ə	*brūkăną	xəbrœykə	gebruiken	311	Dutch				brook	*brūkăną	36
1135	b r ʊ k	*brūkăną	brʊk	brook	311	English				brook	*brūkăną	36
1972	b r ū c a n	*brūkăną	brʊk	brūcan	311	Old_English	Source: Wiktionary etymology (template:inh) | Source: Wiktionary etymology (template:inh)			brook	*brūkăną	36
1134	b r au x ə n	*brūkăną	brauxən	brauchen	311	German				brook	*brūkăną	36
34	b ɔ k	*bukkăz	bɔk	bok	9	Dutch				buck	*bukkăz	37
33	b ʌ k	*bukkăz	bʌk	buck	9	English				buck	*bukkăz	37
1973	b u c c	*bukkăz	bʌk	bucc	9	Old_English	Kroonen p.98 *bukka(n)- > OE bucc; u retained near labial b despite non-high following vowel (R/T §2.3.1 p.33, cf. Luick 1914-40: 105-6)			buck	*bukkăz	37
32	b ɔ k	*bukkăz	bɔk	Bock	9	German				buck	*bukkăz	37
1754	b ɑ r s t ə	*brestăną	bɑrstə	barsten	480	Dutch				burst	*brestăną	38
1753	b ɜː s t	*brestăną	bɜːst	burst	480	English				burst	*brestăną	38
1974	b e r s t a n	*brestăną	bɜːst	berstan	480	Old_English	Source: Wiktionary etymology (template:der) | Source: Wiktionary etymology (template:der)			burst	*brestăną	38
1752	b ɛ r s t ə n	*brestăną	bɛrstən	bersten	480	German				burst	*brestăną	38
193	k ɑ l f	*kalbăz	kɑlf	kalf	54	Dutch				calf	*kalbăz	39
192	k ɑː f	*kalbăz	kɑːf	calf	54	English				calf	*kalbăz	39
1975	ċ e a l f	*kalbăz	kɑːf	ċealf	54	Old_English	TSV: cealf → ċealf; WS palatalized initial (R/T §6.4.1 rule 1: k before front vowel)			calf	*kalbăz	39
191	k a l p	*kalbăz	kalp	Kalb	54	German				calf	*kalbăz	39
993	k ɑu ʋ ə	*kewwăną	kɑuʋə	kauwen	272	Dutch				chew	*kewwăną	40
992	ʧ uː	*kewwăną	ʧuː	chew	272	English				chew	*kewwăną	40
1976	ċ ē o w a n	*kewwăną	ʧuː	ċēowan	272	Old_English	Source: Wiktionary etymology (template:inh) | Source: Wiktionary etymology (template:inh)			chew	*kewwăną	40
991	k au ə n	*kewwăną	kauən	kauen	272	German				chew	*kewwăną	40
557	k l ɪ m ə	*klimbăną	klɪmə	klimmen	152	Dutch				climb	*klimbăną	41
556	k l aɪ m	*klimbăną	klaɪm	climb	152	English				climb	*klimbăną	41
1977	c l i m b a n	*klimbăną	klaɪm	climban	152	Old_English	Source: Wiktionary etymology (template:inh) | Source: Wiktionary etymology (template:inh)			climb	*klimbăną	41
555	k l ɪ m ə n	*klimbăną	klɪmən	klimmen	152	German				climb	*klimbăną	41
1680	k ɑ m	*kambăz	kɑm	kam	460	Dutch				comb	*kambăz	42
1679	k əʊ m	*kambăz	kəʊm	comb	460	English				comb	*kambăz	42
1978	c a m b	*kambăz	kəʊm	camb	460	Old_English	Source: Wiktionary etymology (template:inh) | Source: Wiktionary etymology (template:inh)			comb	*kambăz	42
1678	k a m	*kambăz	kam	Kamm	460	German				comb	*kambăz	42
8	k oː r ə	*kurną	koːrə	koren	533	Dutch				corn	*kurną	43
7	k ɔː n	*kurną	kɔːn	corn	533	English				corn	*kurną	43
1979	c o r n	*kurną	kɔːn	corn	533	Old_English	Proto: oblique *kurnăn→*kurną (n. a-stem nom.sg.; Kroonen)			corn	*kurną	43
6	k ɔ r n	*kurną	kɔrn	Korn	533	German				corn	*kurną	43
1093	k uː	*kōz	kuː	koe	299	Dutch	TSV fix: proto *kōwz → *kōz (Kroonen *kō- ~ *ku-, nom.sg. *kōz; -w- was spurious, not in Kroonen or R/T)			cow	*kōz	44
1092	k aʊ	*kōz	kaʊ	cow	299	English	TSV fix: proto *kōwz → *kōz (correct PGmc nom.sg. per Kroonen)			cow	*kōz	44
1980	c ȳ	*kūi	kyː	cȳ	299	Old_English	TSV fix: using PGmc dat.sg. *kūi (> OE cȳ by i-umlaut, R/T §6.6.1). Root noun *kō- ~ *kū- (Kroonen): nom. *kōz, obl. *kū-. OE leveled zero-grade *kū- to all cases; dat.sg. cȳ < *kūi is lautgesetzlich. See docs/analysis/cow_root_noun_investigation.md			cow	*kūi	44
1091	k uː	*kōz	kuː	Kuh	299	German	TSV fix: proto *kōwz → *kōz (correct PGmc nom.sg. per Kroonen)			cow	*kōz	44
1508	k r ɑ x t	*kraftiz	krɑxt	kracht	413	Dutch				craft	*kraftiz	45
1507	k r ɑː f t	*kraftiz	krɑːft	craft	413	English				craft	*kraftiz	45
1981	c r æ f t	*kraftăz	krɑːft	cræft	413	Old_English	Kroonen: *kraftu- m. 'strength' (u-stem); Orel: *kraftiz ~ *kraftuz. OE cræft has æ (not e), ruling out i-stem *-iz which would trigger i-umlaut. Using a-stem *kraftăz.			craft	*kraftăz	45
1506	k r a f t	*kraftiz	kraft	Kraft	413	German				craft	*kraftiz	45
881	k r ɔ p	*kruppăz	krɔp	krop	242	Dutch				crop	*kruppăz	46
880	k r ɔ p	*kruppăz	krɔp	crop	242	English				crop	*kruppăz	46
1982	c r o p p	*kruppăz	krɔp	cropp	242	Old_English	Source: Wiktionary etymology (template:inh) | Source: Wiktionary etymology (template:inh)			crop	*kruppăz	46
879	k r ɔ pf	*kruppăz	krɔp͡f	Kropf	242	German				crop	*kruppăz	46
1247	k ɪ t	*kwiθuz	kɪt	kit	342	Dutch				cud	*kwiθuz	47
1246	k ʌ d	*kwiθuz	kʌd	cud	342	English				cud	*kwiθuz	47
1983	c u d u	*kwiθuz	kʌd	cudu	342	Old_English	Source: Wiktionary etymology (template:inh) | Source: Wiktionary etymology (template:inh)			cud	*kwiθuz	47
1245	k ɪ t	*kwiθuz	kɪt	Kitt	342	German				cud	*kwiθuz	47
1184	d ɑ l	*dalăz	dɑl	dal	324	Dutch				dale	*dalăz	48
1183	d eɪ l	*dalăz	deɪl	dale	324	English				dale	*dalăz	48
1984	d æ l	*dalăz	deɪl	dæl	324	Old_English	Source: Wiktionary etymology (template:inh) | Source: Wiktionary etymology (template:inh)			dale	*dalăz	48
1182	t aː l	*dalăz	taːl	Tal	324	German				dale	*dalăz	48
783	d ɑ x	*dagăz	dɑx	dag	214	Dutch				day	*dagăz	49
782	d eɪ	*dagăz	deɪ	day	214	English				day	*dagăz	49
1985	d æ ġ	*dagăz	dæj	dæġ	214	Old_English	Source: Wiktionary Old English Swadesh list (retrieved 2025-12-12) | Source: Wiktionary etymology (template:inh) | Source: Wiktionary etymology (template:inh)			day	*dagăz	49
781	t aː k	*dagăz	taːk	Tag	214	German				day	*dagăz	49
1085	d eː l	*dailiz	deːl	deel	297	Dutch				deal	*dailiz	50
1084	d iː l	*dailiz	diːl	deal	297	English				deal	*dailiz	50
1986	d ǣ l	*dailiz	diːl	dǣl	297	Old_English	Source: Wiktionary etymology (template:inh) | Source: Wiktionary etymology (template:inh)			deal	*dailiz	50
1083	t ai l	*dailiz	tail	Teil	297	German				deal	*dailiz	50
580	d aː t	*dēdiz	daːt	daad	159	Dutch				deed	*dēdiz	51
579	d iː d	*dēdiz	diːd	deed	159	English				deed	*dēdiz	51
1987	d ǣ d	*dēdiz	diːd	dǣd	159	Old_English	R/T vol.2 13823: PGmc *dēdiz > WS OE dǣd (not Anglian dēd)			deed	*dēdiz	51
578	t aː t	*dēdiz	taːt	Tat	159	German				deed	*dēdiz	51
409	d iː r	*deuzą	diːr	dier	112	Dutch				deer	*deuzą	52
408	d ɪə	*deuzą	dɪə	deer	112	English				deer	*deuzą	52
1988	d ē o r	*deuzą	dɪə	dēor	112	Old_English	Source: Wiktionary etymology (template:inh) | Source: Wiktionary etymology (template:inh)			deer	*deuzą	52
407	t iː r	*deuzą	tiːr	Tier	112	German				deer	*deuzą	52
1520	d ɑu ʋ	*dawwō	dɑuʋ	dauw	416	Dutch				dew	*dawwō	53
1519	d j uː	*dawwō	djuː	dew	416	English				dew	*dawwō	53
1989	d ē a w	*dawwō	djuː	dēaw	416	Old_English	Source: Wiktionary etymology (template:inh) | Source: Wiktionary etymology (template:inh)			dew	*dawwō	53
1518	t au	*dawwō	tau	Tau	416	German				dew	*dawwō	53
896	d ɪ l ə	*deljăz	dɪlə	dille	246	Dutch				dill	*deljăz	54
895	d ɪ l	*deljăz	dɪl	dill	246	English				dill	*deljăz	54
1990	d i l e	*deljăz	dɪl	dile	246	Old_English	Source: Wiktionary etymology (template:inh) | Source: Wiktionary etymology (template:inh)			dill	*deljăz	54
894	d ɪ l	*deljăz	dɪl	Dill	246	German	BOR		Low German	dill	*deljăz	54
1584	d uː n	*dōną	duːn	doen	434	Dutch				do	*dōną	55
1583	d uː	*dōną	duː	do	434	English				do	*dōną	55
1991	d o n	*dōną	duː	don	434	Old_English	Source: Wiktionary etymology (template:inh) | Source: Wiktionary etymology (template:inh)			do	*dōną	55
1582	t uː n	*dōną	tuːn	tun	434	German				do	*dōną	55
103	d ɔː	*durą	dɔː	door	29	English				door	*durą	335
1992	d u r u	*durą	dɔː	duru	29	Old_English	Source: Wiktionary etymology (template:inh) | Source: Wiktionary etymology (template:inh)			door	*durą	335
102	t oː r	*durą	toːr	Tor	29	German				door	*durą	335
764	d eː x	*daigăz	deːx	deeg	209	Dutch				dough	*daigăz	56
763	d əʊ	*daigăz	dəʊ	dough	209	English				dough	*daigăz	56
1993	d ā g	*daigăz	dəʊ	dāg	209	Old_English	Source: Wiktionary etymology (template:inh) | Source: Wiktionary etymology (template:inh)			dough	*daigăz	56
762	t ai k	*daigăz	taik	Teig	209	German				dough	*daigăz	56
57	d oː v ə	*dūbōn	doːvə	dove	16	Dutch				dove	*dūbōn	57
56	d ʌ v	*dūbōn	dʌv	dove	16	English				dove	*dūbōn	57
1994	* d ū f e	*dūbōn	dʌv	-	16	Old_English	Source: Wiktionary etymology (template:inh) | Source: Wiktionary etymology (template:inh) | Unattested OE; reconstructed *dūfe. | Attested OE culfre is not cognate with ModE dove; reconstructed *dūfe unattested.			dove	*dūbōn	57
55	t au b ə	*dūbōn	taubə	Taube	16	German				dove	*dūbōn	57
398	d r oː m	*draumăz	droːm	droom	109	Dutch				dream	*draumăz	58
397	d r iː m	*draumăz	driːm	dream	109	English				dream	*draumăz	58
1995	d r ē a m	*draumăz	driːm	drēam	109	Old_English	Source: Wiktionary etymology (template:inh) | Source: Wiktionary etymology (template:inh)			dream	*draumăz	58
396	t r au m	*draumăz	traum	Traum	109	German				dream	*draumăz	58
744	d r ɑ ŋ k	*drankiz	drɑŋk	drank	204	Dutch				drench	*drankiz	59
743	d r ɛ n ʧ	*drankiz	drɛnʧ	drench	204	English				drench	*drankiz	59
1996	d r e n ċ	*drankiz	drɛnʧ	drenċ	204	Old_English	Source: Wiktionary etymology (template:inh) | Source: Wiktionary etymology (template:inh)			drench	*drankiz	59
742	t r a ŋ k	*drankiz	traŋk	Trank	204	German				drench	*drankiz	59
22	d r ɪ ŋ k ə	*drinkăną	drɪŋkə	drinken	6	Dutch				drink	*drinkăną	60
21	d r ɪ ŋ k	*drinkăną	drɪŋk	drink	6	English				drink	*drinkăną	60
1997	d r i n c a n	*drinkăną	drɪŋk	drincan	6	Old_English	Source: Wiktionary etymology (template:inh) | Source: Wiktionary etymology (template:inh)			drink	*drinkăną	60
20	t r ɪ ŋ k ə n	*drinkăną	trɪŋkən	trinken	6	German				drink	*drinkăną	60
1243	d r ɛɪ v ə	*drībăną	drɛɪvə	drijven	341	Dutch				drive	*drībăną	61
1242	d r aɪ v	*drībăną	draɪv	drive	341	English				drive	*drībăną	61
1998	d r ī f a n	*drībăną	draɪv	drīfan	341	Old_English	Source: Wiktionary etymology (template:der) | Source: Wiktionary etymology (template:der)			drive	*drībăną	61
1241	t r ai b ə n	*drībăną	traibən	treiben	341	German				drive	*drībăną	61
89	aː r d ə	*erθōn	aːrdə	aarde	25	Dutch				earth	*erθōn	62
88	ɜː θ	*erθōn	ɜːθ	earth	25	English				earth	*erθōn	62
1999	e o r þ e	*erθōn	eo̯rˠðe	eorþe	25	Old_English	Source: Wiktionary Old English Swadesh list (retrieved 2025-12-12) | Source: Wiktionary etymology (template:inh) | Source: Wiktionary etymology (template:inh)			earth	*erθōn	62
87	eː r d ə	*erθōn	eːrdə	Erde	25	German				earth	*erθōn	62
1333	eː t ə	*etăną	eːtə	eten	365	Dutch				eat	*etăną	63
1332	iː t	*etăną	iːt	eat	365	English				eat	*etăną	63
2000	e t a n	*etăną	iːt	etan	365	Old_English	Source: Wiktionary etymology (template:inh) | Source: Wiktionary etymology (template:inh)			eat	*etăną	63
1331	ɛ s ə n	*etăną	ɛsən	essen	365	German				eat	*etăną	63
775	aː l	*ēlăz	aːl	aal	212	Dutch				eel	*ēlăz	64
774	iː l	*ēlăz	iːl	eel	212	English				eel	*ēlăz	64
2001	ǣ l	*ēlăz	iːl	ǣl	212	Old_English	Source: Wiktionary etymology (template:inh) | Source: Wiktionary etymology (template:inh)			eel	*ēlăz	64
773	aː l	*ēlăz	aːl	Aal	212	German				eel	*ēlăz	64
250	v ɑ l ə	*fallăną	vɑlə	vallen	69	Dutch				fall	*fallăną	65
249	f ɔː l	*fallăną	fɔːl	fall	69	English				fall	*fallăną	65
2002	f e a l l a n	*fallăną	fɔːl	feallan	69	Old_English	Source: Wiktionary etymology (template:inh) | Source: Wiktionary etymology (template:inh)			fall	*fallăną	65
248	f a l ə n	*fallăną	falən	fallen	69	German				fall	*fallăną	65
205	v aː r ə	*farăną	vaːrə	varen	57	Dutch				fare	*farăną	66
204	f ɛə	*farăną	fɛə	fare	57	English				fare	*farăną	66
2003	f æ r a n	*farăną	fɛə	færan	57	Old_English	OE target: fær→færan (inf. of str.v. class VI 'to fare, go')			fare	*farăną	66
203	f aː r ə n	*farăną	faːrən	fahren	57	German				fare	*farăną	66
1317	v ɑ s t ə	*fastēną	vɑstə	vasten	361	Dutch				fast	*fastēną	67
1316	f ɑː s t	*fastēną	fɑːst	fast	361	English				fast	*fastēną	67
2004	f e s t a n	*fastjăną	fɑstiɑn	festan	361	Old_English	R/T: "festan 'to fix, to fasten' < *fæstjan" (Class I weak); "acquired stative meaning ['to fast'] by lexical confusion" with *fastēn-. OE fæstan has æ from analogy with adj. fæst.			fast	*fastjăną	67
1315	f a s t ə n	*fastēną	fastən	fasten	361	German				fast	*fastēną	67
912	v aː d ə r	*fadēr	vaːdər	vader	250	Dutch				father	*fadēr	68
911	f ɑː ð ə	*fadēr	fɑːðə	father	250	English				father	*fadēr	68
2005	ˈ f æ d e r	*fadēr	ˈfæder	fæder	250	Old_English	Source: Wiktionary Old English Swadesh list (retrieved 2025-12-12) | Source: Wiktionary Old English Swadesh list (retrieved 2025-12-12) | Source: Wiktionary Old English Swadesh list (retrieved 2025-12-12)			father	*fadēr	68
910	f aː t ə r	*fadēr	faːtər	Vater	250	German				father	*fadēr	68
118	v eː	*fexu	veː	vee	33	Dutch				fee	*fexu	69
117	f iː	*fexu	fiː	fee	33	English				fee	*fexu	69
2006	f e o h	*fexu	fiː	feoh	33	Old_English	Source: Wiktionary etymology (template:inh) | Source: Wiktionary etymology (template:inh)			fee	*fexu	69
116	v iː	*fexu	viː	Vieh	33	German				fee	*fexu	69
1801	v ɛ l	*fellą	vɛl	vel	493	Dutch				fell	*fellą	70
1800	f ɛ l	*fellą	fɛl	fell	493	English				fell	*fellą	70
2007	f e l l	*fellą	fɛl	fell	493	Old_English	Kroonen *fella- n. 'skin/hide' > OE fell; cf. Dutch vel, German Fell			fell	*fellą	70
1799	f ɛ l	*fellą	fɛl	Fell	493	German				fell	*fellą	70
464	v aː r ə	*farnăz	vaːrə	varen	127	Dutch				fern	*farnăz	71
463	f ɜː n	*farnăz	fɜːn	fern	127	English				fern	*farnăz	71
2008	f e a r n	*farnăz	fɜːn	fearn	127	Old_English	Proto: oblique *farnăn→*farnăz (m. a-stem nom.sg.; Kroonen)			fern	*farnăz	71
462	f a r n	*farnăz	farn	Farn	127	German				fern	*farnăz	71
700	v ɛ l t	*felθuz	vɛlt	veld	192	Dutch				field	*felθuz	72
699	f iː l d	*felθuz	fiːld	field	192	English				field	*felθuz	72
2009	f e l d	*felθuz	fiːld	feld	192	Old_English	R/T §5.1.3 p.171: *felþu-/*feldu- may reflect Verner's alternation or regular PWGmc *lþ→*ld; either gives OE feld			field	*felθuz	72
698	f ɛ l t	*felθuz	fɛlt	Feld	192	German				field	*felθuz	72
160	v ɛ x t ə	*fextăną	vɛxtə	vechten	45	Dutch				fight	*fextăną	73
159	f aɪ t	*fextăną	faɪt	fight	45	English				fight	*fextăną	73
2010	f e o h t a n	*fextăną	faɪt	feohtan	45	Old_English	Source: Wiktionary etymology (template:inh) | Source: Wiktionary etymology (template:inh)			fight	*fextăną	73
158	f ɛ x t ə n	*fextăną	fɛxtən	fechten	45	German				fight	*fextăną	73
1762	v ɪ n d ə	*finþăną	vɪndə	vinden	482	Dutch				find	*finþăną	74
1761	f aɪ n d	*finþăną	faɪnd	find	482	English				find	*finþăną	74
2011	f i n d a n	*finþăną	faɪnd	findan	482	Old_English	Source: Wiktionary etymology (template:inh) | Source: Wiktionary etymology (template:inh)			find	*finþăną	74
1760	f ɪ n d ə n	*finþăną	fɪndən	finden	482	German				find	*finþăną	74
1702	v ɪ ŋ ə r	*fingrăz	vɪŋər	vinger	466	Dutch				finger	*fingrăz	75
1701	f ɪ ŋ ɡ ə	*fingrăz	fɪŋɡə	finger	466	English				finger	*fingrăz	75
2012	f i n g e r	*fingrăz	fɪŋɡə	finger	466	Old_English	Source: Wiktionary etymology (template:der) | Source: Wiktionary etymology (template:der)			finger	*fingrăz	75
1700	f ɪ ŋ ə r	*fingrăz	fɪŋər	Finger	466	German				finger	*fingrăz	75
1588	v yː r	*fūri	vyːr	vuur	435	Dutch				fire	*fūri	76
1587	f aɪ ə	*fūri	faɪə	fire	435	English				fire	*fūri	76
2013	f ȳ r e	*fūri	fyːre	fȳre	435	Old_English	Source: Wiktionary Old English Swadesh list (retrieved 2025-12-12) | Source: Wiktionary etymology (template:inh) | Source: Wiktionary etymology (template:inh) | Note: using dat.sg. *fūri (> fȳre)			fire	*fūri	76
1586	f ɔy ə r	*fūri	fɔyər	Feuer	435	German				fire	*fūri	76
1262	v ɪ s	*fiskăz	vɪs	vis	346	Dutch				fish	*fiskăz	77
1261	f ɪ ʃ	*fiskăz	fɪʃ	fish	346	English				fish	*fiskăz	77
2014	f i s ċ	*fiskăz	fiʃ	fisċ	346	Old_English	Source: Wiktionary Old English Swadesh list (retrieved 2025-12-12) | Source: Wiktionary etymology (template:inh) | Source: Wiktionary etymology (template:inh)			fish	*fiskăz	77
1260	f ɪ ʃ	*fiskăz	fɪʃ	Fisch	346	German				fish	*fiskăz	77
1830	v œy s t	*funxwstiz	vœyst	vuist	501	Dutch				fist	*funxwstiz	78
1829	f ɪ s t	*funxwstiz	fɪst	fist	501	English				fist	*funxwstiz	78
2015	f ȳ s t	*funxwstiz	fɪst	fȳst	501	Old_English	Source: Wiktionary etymology (template:inh) | Source: Wiktionary etymology (template:inh)			fist	*funxwstiz	78
1828	f au s t	*funxwstiz	faust	Faust	501	German				fist	*funxwstiz	78
50	f l ɑː s k	*flaskō	flɑːsk	flask	14	English				flask	*flaskō	336
2016	f l a s c e	*flaskōn	flɑːsk	flasce	14	Old_English	Proto corrected: weak fem. ōn-stem *flaskōn (Orel *flaskò(n) sb.f.; Kroonen *flaskǭ). TSV had *flaskō (strong ō-stem, no final vowel after heavy syllable). A-restoration trigger fix: *ǭ (nasalized, from *-ōn) now triggers A-restoration, preserving root *a before medial *sk.			flask	*flaskōn	336
49	f l a ʃ ə	*flaskō	flaʃə	Flasche	14	German				flask	*flaskō	336
1811	v l ɑ s	*flaxsą	vlɑs	vlas	496	Dutch				flax	*flaxsą	79
1810	f l æ k s	*flaxsą	flæks	flax	496	English				flax	*flaxsą	79
2017	f l e a x	*flaxsą	flæks	fleax	496	Old_English	Source: Wiktionary etymology (template:inh) | Source: Wiktionary etymology (template:inh)			flax	*flaxsą	79
1809	f l a k s	*flaxsą	flaks	Flachs	496	German				flax	*flaxsą	79
973	v l oː	*flauxz	vloː	vlo	267	Dutch				flea	*flauxz	80
972	f l iː	*flauxz	fliː	flea	267	English				flea	*flauxz	80
2018	f l ē a h	*flauxz	fliː	flēah	267	Old_English	Source: Wiktionary etymology (template:inh) | Source: Wiktionary etymology (template:inh)			flea	*flauxz	80
971	f l oː	*flauxz	floː	Floh	267	German				flea	*flauxz	80
1228	v l iː d ə	*fleuxăną	vliːdə	vlieden	337	Dutch	IR			flee	*fleuxăną	81
1227	f l iː	*fleuxăną	fliː	flee	337	English				flee	*fleuxăną	81
2019	f l ē o n	*fleuxăną	fliː	flēon	337	Old_English	Source: Wiktionary etymology (template:inh) | Source: Wiktionary etymology (template:inh)			flee	*fleuxăną	81
1226	f l iː ə n	*fleuxăną	fliːən	fliehen	337	German				flee	*fleuxăną	81
1029	v l eː s	*flaiskăz	vleːs	vlees	282	Dutch				flesh	*flaiskăz	82
1028	f l ɛ ʃ	*flaiskăz	flɛʃ	flesh	282	English				flesh	*flaiskăz	82
2020	f l ǣ s ċ	*flaiskăz	flɛʃ	flǣsċ	282	Old_English	Source: Wiktionary etymology (template:inh) | Source: Wiktionary etymology (template:inh)			flesh	*flaiskăz	82
1027	f l ai ʃ	*flaiskăz	flaiʃ	Fleisch	282	German				flesh	*flaiskăz	82
1412	v l uː t	*flōduz	vluːt	vloed	386	Dutch				flood	*flōduz	83
1411	f l ʌ d	*flōduz	flʌd	flood	386	English				flood	*flōduz	83
2021	f l ō d	*flōduz	flʌd	flōd	386	Old_English	Source: Wiktionary etymology (template:inh) | Source: Wiktionary etymology (template:inh)			flood	*flōduz	83
1410	f l uː t	*flōduz	fluːt	Flut	386	German				flood	*flōduz	83
1110	v l iː ɣ ə	*fleugăną	vliːɣə	vliegen	304	Dutch				fly	*fleugăną	84
1109	f l aɪ	*fleugăną	flaɪ	fly	304	English				fly	*fleugăną	84
2022	f l ē o g a n	*fleugăną	flaɪ	flēogan	304	Old_English	R/T 10088: PGmc *fleugaṇ > OE flēogan; flȳġe is derived form			fly	*fleugăną	84
1108	f l iː ɡ ə n	*fleugăną	fliːɡən	fliegen	304	German				fly	*fleugăną	84
1449	f əʊ l	*fulô	fəʊl	foal	396	English				foal	*fulô	337
2023	f o l a	*fulô	fəʊl	fola	396	Old_English	Source: Wiktionary etymology (template:inh) | Source: Wiktionary etymology (template:inh)			foal	*fulô	337
1448	f oː l ə n	*fulô	foːlən	Fohlen	396	German				foal	*fulô	337
888	v uː r	*fōdrą	vuːr	voer	244	Dutch				fodder	*fōdrą	85
887	f ɔ d ə	*fōdrą	fɔdə	fodder	244	English				fodder	*fōdrą	85
2024	f ō d o r	*fōdrą	fɔdə	fōdor	244	Old_English	Source: Wiktionary etymology (Wiktionary etymology bullet (fodder → Old English fōdor))			fodder	*fōdrą	85
886	f ʊ t ə r	*fōdrą	fʊtər	Futter	244	German				fodder	*fōdrą	85
445	v ɑu ʋ	*falθăną	vɑuʋ	vouw	122	Dutch	NC			fold	*falθăną	86
444	f əʊ l d	*falθăną	fəʊld	fold	122	English				fold	*falθăną	86
2025	f e a l d a n	*falθăną	fəʊld	fealdan	122	Old_English	Source: Wiktionary etymology (template:inh) | Source: Wiktionary etymology (template:inh)			fold	*falθăną	86
443	f a l t ə n	*falθăną	faltən	falten	122	German				fold	*falθăną	86
779	v ɔ l k	*fulką	vɔlk	volk	213	Dutch				folk	*fulką	87
778	f əʊ k	*fulką	fəʊk	folk	213	English				folk	*fulką	87
2026	f o l c	*fulką	fəʊk	folc	213	Old_English	Source: Wiktionary etymology (template:inh) | Source: Wiktionary etymology (template:inh)			folk	*fulką	87
777	f ɔ l k	*fulką	fɔlk	Volk	213	German				folk	*fulką	87
1887	v ɔ l ɣ ə	*fulgēną	vɔlɣə	volgen	517	Dutch				follow	*fulgēną	88
1886	f ɔ l əʊ	*fulgēną	fɔləʊ	follow	517	English				follow	*fulgēną	88
2027	f y l ġ a n	*fulgjăną	fɔləʊ	fylġan	517	Old_English	Kroonen s.v. *fulgēn-: "OE fylg(e)an continue *fulgjan-"; R/T §2.3.1: "class I weak OE fylgan". WS folgian is Class II from *fulgēn-.			follow	*fulgjăną	88
1885	f ɔ l ɡ ə n	*fulgēną	fɔlɡən	folgen	517	German				follow	*fulgēną	88
1393	v ə r l iː z ə	*leusăną	vərliːzə	verliezen	381	Dutch				forlorn	*leusăną	89
1392	f ə l ɔː n	*leusăną	fəlɔːn	forlorn	381	English				forlorn	*leusăną	89
2028	l ē o s a n	*leusăną	leːosɑn	lēosan	381	Old_English	TSV fix: was forloren (prefixed past participle for-lēosan); changed to lēosan (bare infinitive matching proto *leusăną, Kroonen *leusan-). Du verliezen / G verlieren are also prefixed forms of this verb.			forlorn	*leusăną	89
1391	f ɛ r l iː r ə n	( f ɛ r ) l iː r ə n ( - - )	fɛrliːrən	verlieren	381	German				forlorn	*leusăną	89
363	v iː r	*fedwōrez	viːr	vier	100	Dutch				four	*fedwōrez	90
362	f ɔː	*fedwōrez	fɔː	four	100	English				four	*fedwōrez	90
2029	f ē o w e r	*fedwōrez	ˈfeːo̯.wer	fēower	100	Old_English	Source: Wiktionary Old English Swadesh list (retrieved 2025-12-12) | Source: Wiktionary etymology (template:inh) | Source: Wiktionary etymology (template:inh)			four	*fedwōrez	90
361	f iː r	*fedwōrez	fiːr	vier	100	German				four	*fedwōrez	90
1834	v oː ɣ ə l	*fuglăz	voːɣəl	vogel	502	Dutch				fowl	*fuglăz	91
1833	f aʊ l	*fuglăz	faʊl	fowl	502	English				fowl	*fuglăz	91
2030	f u g o l	*fuglăz	faʊl	fugol	502	Old_English	R/T §2.3.1 p.33: *fuglaz > OE fugol; u retained near labial f (exception to u-lowering, cf. Luick 1914-40: 105-6)			fowl	*fuglăz	91
1832	f oː ɡ ə l	*fuglăz	foːɡəl	Vogel	502	German				fowl	*fuglăz	91
342	v ɔ s	*fuxsăz	vɔs	vos	94	Dutch				fox	*fuxsăz	92
341	f ɔ k s	*fuxsăz	fɔks	fox	94	English				fox	*fuxsăz	92
2031	f o x	*fuxsăz	fɔks	fox	94	Old_English	Source: Wiktionary etymology (template:inh) | Source: Wiktionary etymology (template:inh)			fox	*fuxsăz	92
340	f ʊ k s	*fuxsăz	fʊks	Fuchs	94	German				fox	*fuxsăz	92
926	v r iː z ə	*freusăną	vriːzə	vriezen	254	Dutch				freeze	*freusăną	93
925	f r iː z	*freusăną	friːz	freeze	254	English				freeze	*freusăną	93
2032	f r ē o s a n	*freusăną	friːz	frēosan	254	Old_English	Source: Wiktionary etymology (template:inh) | Source: Wiktionary etymology (template:inh)			freeze	*freusăną	93
924	f r iː r ə n	*freusăną	friːrən	frieren	254	German				freeze	*freusăną	93
1692	v r iː n t	*frijōndz	vriːnt	vriend	463	Dutch				friend	*frijōndz	94
1691	f r ɛ n d	*frijōndz	frɛnd	friend	463	English				friend	*frijōndz	94
2033	f r ē o n d	*frijōndz	frɛnd	frēond	463	Old_English	Source: Wiktionary etymology (template:inh) | Source: Wiktionary etymology (template:inh)			friend	*frijōndz	94
1690	f r ɔy n t	*frijōndz	frɔynt	Freund	463	German				friend	*frijōndz	94
1482	f r aɪ t	*furxtiθō	fraɪt	fright	406	English	TSV fix: proto *furxtīn → *furxtiθō (PGmc *iþō-abstract from adj. *furhta-; R/T line 21553)			fright	*furxtiθō	338
2034	f y r h t u	*furxtiθō	fyrxtu	fyrhtu	406	Old_English	TSV fix: proto *furxtīn → *furxtiθō, target fryhtu → fyrhtu. PGmc *furhtiþō (*iþō-abstract, R/T §6.8) → fyrhtu by i-umlaut + medial syncope + dental assimilation + ō-shortening. Non-metathesized form (Campbell §459: r-metathesis is sporadic). See docs/analysis/fryhtu_investigation.md			fright	*furxtiθō	338
1481	f ʊ r x t	*furxtiθō	fʊrxt	Furcht	406	German	TSV fix: proto *furxtīn → *furxtiθō (PGmc *iþō-abstract; OHG forhta < ō-stem *furhtō- but proto unified to *furhtiþō for cognate set)			fright	*furxtiθō	338
456	v ɔ r s t	*frustą	vɔrst	vorst	125	Dutch				frost	*frustą	95
455	f r ɔ s t	*frustą	frɔst	frost	125	English				frost	*frustą	95
2035	f o r s t	*frustą	frɔst	forst	125	Old_English	Source: Wiktionary etymology (template:inh) | Source: Wiktionary etymology (template:inh)			frost	*frustą	95
454	f r ɔ s t	*frustą	frɔst	Frost	125	German				frost	*frustą	95
956	v oː r	*furx	voːr	voor	262	Dutch				furrow	*furx	96
955	f ʌ r əʊ	*furx	fʌrəʊ	furrow	262	English				furrow	*furx	96
2036	f u r h	*furx	fʌrəʊ	furh	262	Old_English	Source: Wiktionary etymology (template:inh) | Source: Wiktionary etymology (template:inh)			furrow	*furx	96
954	f ʊ r x ə	*furx	fʊrxə	Furche	262	German				furrow	*furx	96
748	x ɑ l	*gallą	xɑl	gal	205	Dutch				gall	*gallą	97
747	ɡ ɔː l	*gallą	ɡɔːl	gall	205	English				gall	*gallą	97
2037	ġ e a l l a	*gallô	ɡɔːl	ġealla	205	Old_English	Proto corrected: weak masc. n-stem *gallô (Kroonen 2013 s.v. *gallōn-, nom.sg. *gallô). OE ġealla is weak masc. TSV had *gallą (strong neut.); cognate set 205 includes German Galle (fem.) — different declension class.			gall	*gallô	97
746	ɡ a l ə	*gallą	ɡalə	Galle	205	German				gall	*gallą	97
201	x ɑ ŋ	*gangăz	xɑŋ	gang	56	Dutch				gang	*gangăz	98
200	ɡ æ ŋ	*gangăz	ɡæŋ	gang	56	English				gang	*gangăz	98
2038	g a n g	*gangăz	ɡæŋ	gang	56	Old_English	PGmc *gangaz is a-stem noun > OE gang; cf. Dutch gang, German Gang			gang	*gangăz	98
199	ɡ a ŋ	*gangăz	ɡaŋ	Gang	56	German				gang	*gangăz	98
18	ɡ əʊ s t	*gaistăz	ɡəʊst	ghost	5	English				ghost	*gaistăz	339
2039	g ā s t	*gaistăz	ɡəʊst	gāst	5	Old_English	Source: Wiktionary etymology (template:inh) | Source: Wiktionary etymology (template:inh)			ghost	*gaistăz	339
17	ɡ ai s t	*gaistăz	ɡaist	Geist	5	German				ghost	*gaistăz	339
621	x ɪ f t	*geftiz	xɪft	gift	171	Dutch				gift	*geftiz	99
620	ɡ ɪ f t	*geftiz	ɡɪft	gift	171	English				gift	*geftiz	99
2040	ġ i f t	*geftiz	ɡɪft	ġift	171	Old_English	Source: Wiktionary etymology (template:inh) | Source: Wiktionary etymology (template:inh)			gift	*geftiz	99
619	ɡ ɪ f t	*geftiz	ɡɪft	Gift	171	German				gift	*geftiz	99
752	x eː v ə	*gebăną	xeːvə	geven	206	Dutch				give	*gebăną	100
751	ɡ ɪ v	*gebăną	ɡɪv	give	206	English				give	*gebăną	100
2041	ġ i e f a n	*gebăną	ɡɪv	ġiefan	206	Old_English	TSV: giefan → ġiefan; WS palatalized initial (R/T §6.4.1 rule 1: g before front vowel)			give	*gebăną	100
750	ɡ eː b ə n	*gebăną	ɡeːbən	geben	206	German				give	*gebăną	100
1876	x ɔ t	*gud	xɔt	god	514	Dutch				god	*gud	101
1875	ɡ ɔ d	*gud	ɡɔd	god	514	English				god	*gud	101
2042	g o d	*gud	ɡɔd	god	514	Old_English	Source: Wiktionary etymology (template:inh) | Source: Wiktionary etymology (template:inh)			god	*gud	101
1874	ɡ ɔ t	*gud	ɡɔt	Gott	514	German				god	*gud	101
1089	x ɑu t	*gulθą	xɑut	goud	298	Dutch				gold	*gulθą	102
1088	ɡ əʊ l d	*gulθą	ɡəʊld	gold	298	English				gold	*gulθą	102
2043	g o l d	*gulθą	ɡəʊld	gold	298	Old_English	R/T §5.1.3 p.171: *gulþa-/*gulda- may reflect Verner's alternation or regular PWGmc *lþ→*ld; either gives OE gold			gold	*gulθą	102
1087	ɡ ɔ l t	*gulθą	ɡɔlt	Gold	298	German				gold	*gulθą	102
1294	x ɑ n s	*gansz	xɑns	gans	355	Dutch				goose	*gansz	103
1293	ɡ uː s	*gansz	ɡuːs	goose	355	English				goose	*gansz	103
2044	g ō s	*gansz	ɡuːs	gōs	355	Old_English	Source: Wiktionary etymology (template:inh) | Source: Wiktionary etymology (template:inh)			goose	*gansz	103
1292	ɡ a n s	*gansz	ɡans	Gans	355	German				goose	*gansz	103
791	x r ɑ s	*grasą	xrɑs	gras	216	Dutch				grass	*grasą	104
790	ɡ r ɑː s	*grasą	ɡrɑːs	grass	216	English				grass	*grasą	104
2045	g r æ s	*grasą	ɣærˠs	græs	216	Old_English	Source: Wiktionary Old English Swadesh list (retrieved 2025-12-12) | Source: Wiktionary etymology (template:inh) | Source: Wiktionary etymology (template:inh)			grass	*grasą	104
789	ɡ r aː s	*grasą	ɡraːs	Gras	216	German				grass	*grasą	104
134	x r aː v ə	*grabăną	xraːvə	graven	37	Dutch				grave	*grabăną	105
133	ɡ r ɑː v	*grabăną	ɡrɑːv	grave	37	English				grave	*grabăną	105
2046	g r a f a n	*grabaną	ɡrɑːv	grafan	37	Old_English	OE target: græf→græfan (inf. of str.v. class VI 'to dig, grave') | OE target: grafan (not græfan); Hogg §5.3.1, Hall s.v. grafan. Proto encoding: -aną for A-restoration; R/T §6.3.1			grave	*grabaną	105
132	ɡ r aː b ə n	*grabăną	ɡraːbən	graben	37	German				grave	*grabăną	105
243	x r ɛɪ p ə	*grīpăną	xrɛɪpə	grijpen	67	Dutch				gripe	*grīpăną	106
242	ɡ r aɪ p	*grīpăną	ɡraɪp	gripe	67	English				gripe	*grīpăną	106
2047	g r ī p a n	*grīpăną	ɡraɪp	grīpan	67	Old_English	Source: Wiktionary etymology (template:inh) | Source: Wiktionary etymology (template:inh)			gripe	*grīpăną	106
241	ɡ r ai f ə n	*grīpăną	ɡraifən	greifen	67	German				gripe	*grīpăną	106
100	x r ɔ n t	*grunduz	xrɔnt	grond	28	Dutch				ground	*grunduz	107
99	ɡ r aʊ n d	*grunduz	ɡraʊnd	ground	28	English				ground	*grunduz	107
2048	g r u n d	*grunduz	ɡraʊnd	grund	28	Old_English	Source: Wiktionary etymology (template:inh) | Source: Wiktionary etymology (template:inh)			ground	*grunduz	107
98	ɡ r ʊ n t	*grunduz	ɡrʊnt	Grund	28	German				ground	*grunduz	107
1616	x ɑ s t	*gastiz	xɑst	gast	443	Dutch				guest	*gastiz	108
1615	ɡ ɛ s t	*gastiz	ɡɛst	guest	443	English				guest	*gastiz	108
2049	ġ i e s t	*gastiz	ɡɛst	ġiest	443	Old_English	R/T vol.2 3857: PGmc *gastiz > WS OE giest			guest	*gastiz	108
1614	ɡ a s t	*gastiz	ɡast	Gast	443	German				guest	*gastiz	108
1005	h aː ɣ ə l	*xaglą	haːɣəl	hagel	275	Dutch				hail	*xaglą	109
1004	h eɪ l	*xaglą	heɪl	hail	275	English				hail	*xaglą	109
2050	h æ ġ l	*xaglą	heɪl	hæġl	275	Old_English	Source: Wiktionary etymology (template:inh) | Source: Wiktionary etymology (template:inh)			hail	*xaglą	109
1003	h aː ɡ ə l	*xaglą	haːɡəl	Hagel	275	German				hail	*xaglą	109
1344	h aː r	*xazwăz	haːr	haar	368	Dutch				hair	*xazwăz	110
1343	h ɛə	*xazwăz	hɛə	hair	368	English				hair	*xazwăz	110
2051	h ǣ r	*xērą	hæːr	hǣr	368	Old_English	Wiktionary: PGmc *hērą > OE hǣr; *xazwăz 'grey' is wrong lexeme			hair	*xērą	110
1342	h aː r	*xazwăz	haːr	Haar	368	German				hair	*xazwăz	110
1783	h ɑ l	*xallō	hɑl	hal	488	Dutch				hall	*xallō	111
1782	h ɔː l	*xallō	hɔːl	hall	488	English				hall	*xallō	111
2052	h e a l l	*xallō	hɔːl	heall	488	Old_English	Source: Wiktionary etymology (template:inh) | Source: Wiktionary etymology (template:inh)			hall	*xallō	111
1781	h a l ə	*xallō	halə	Halle	488	German				hall	*xallō	111
438	h aː m ə r	*xamarăz	haːmər	hamer	120	Dutch				hammer	*xamarăz	112
437	h æ m ə	*xamarăz	hæmə	hammer	120	English				hammer	*xamarăz	112
2053	h a m e r e s	*xamaras	hæmər	hameres	120	Old_English	Source: Wiktionary etymology (template:inh) | Source: Wiktionary etymology (template:inh) | Note: using gen.sg. *xamaras (> hameres). Both hamor and hamer attested; hameres is the regular reflex via a-fronting (R/T §5.1.2, §6.9.6). hamores has unexplained -o- in unstressed syllable (R/T §3.1.5).	 | Note: using gen.sg. *xamaras (> hameres)		hammer	*xamaras	112
436	h a m ə r	*xamarăz	hamər	Hammer	120	German				hammer	*xamarăz	112
394	h ɑ n t	*xanduz	hɑnt	hand	108	Dutch				hand	*xanduz	113
393	h æ n d	*xanduz	hænd	hand	108	English				hand	*xanduz	113
2054	h a n d	*xanduz	hɒnd	hand	108	Old_English	Source: Wiktionary Old English Swadesh list (retrieved 2025-12-12) | Source: Wiktionary etymology (template:inh) | Source: Wiktionary etymology (template:inh)			hand	*xanduz	113
392	h a n t	*xanduz	hant	Hand	108	German				hand	*xanduz	113
532	h ɑ n d ə l ə	*xandlōjăną	hɑndələ	handelen	145	Dutch				handle	*xandlōjăną	114
531	h æ n d ə l	*xandlōjăną	hændḷ	handle	145	English				handle	*xandlōjăną	114
2055	h a n d l i a n	*xandlōjăną	hɑndliɑn	handlian	145	Old_English	TSV fix: was handle (noun f.); changed to handlian (verb 'to handle' < *handulōną, Kroonen/Wiktionary). Du handelen / G handeln are the verb.			handle	*xandlōjăną	114
530	h a n d ə l n	*xandlōjăną	handəln	handeln	145	German				handle	*xandlōjăną	114
452	h ɑː m	*xarmăz	hɑːm	harm	124	English				harm	*xarmăz	340
2056	h e a r m	*xarmăz	hɑːm	hearm	124	Old_English	Source: Wiktionary etymology (template:inh) | Source: Wiktionary etymology (template:inh)			harm	*xarmăz	340
451	h a r m	*xarmăz	harm	Harm	124	German				harm	*xarmăz	340
1531	h ɛ r f s t	*xarbistuz	hɛrfst	herfst	419	Dutch				harvest	*xarbistuz	115
1530	h ɑː v ɪ s t	*xarbistuz	hɑːvɪst	harvest	419	English				harvest	*xarbistuz	115
2057	h ie r f e s t	*xarbistuz	hɑːvɪst	hierfest	419	Old_English	R/T 14594-14603: hærfest is Anglian loan (Bammesberger 1997); WS hierfest attested (Toller); regular PGmc *harbistuz > WS hierfest via AFB+breaking+i-umlaut			harvest	*xarbistuz	115
1529	h ɛ r p s t	*xarbistuz	hɛrpst	Herbst	419	German				harvest	*xarbistuz	115
1337	h ɛ b ə	*xabēną	hɛbə	hebben	366	Dutch				have	*xabēną	116
1336	h æ v	*xabēną	hæv	have	366	English				have	*xabēną	116
2058	h a b b a n	*xabēną	hæv	habban	366	Old_English	Source: Wiktionary etymology (template:inh) | Source: Wiktionary etymology (template:inh)			have	*xabēną	116
1335	h aː b ə n	*xabēną	haːbən	haben	366	German				have	*xabēną	116
756	h aː x	*xagô	haːx	haag	207	Dutch				haw	*xagô	117
755	h ɔː	*xagô	hɔː	haw	207	English				haw	*xagô	117
2059	h a g a	*xagô	hɔː	haga	207	Old_English	Source: Wiktionary etymology (template:inh) | Source: Wiktionary etymology (template:inh)			haw	*xagô	117
754	h aː k	*xagô	haːk	Hag	207	German				haw	*xagô	117
1797	h aː v ɪ k	*xabukăz	haːvɪk	havik	492	Dutch				hawk	*xabukăz	118
1796	h ɔː k	*xabukăz	hɔːk	hawk	492	English				hawk	*xabukăz	118
2060	h a f o c	*xabukăz	hɔːk	hafoc	492	Old_English	Source: Wiktionary etymology (template:inh) | Source: Wiktionary etymology (template:inh)			hawk	*xabukăz	118
1795	h aː b ɪ x t	*xabukăz	haːbɪxt	Habicht	492	German				hawk	*xabukăz	118
811	h oː j	*xawwją	hoːj	hooi	222	Dutch				hay	*xawwją	119
810	h eɪ	*xawwją	heɪ	hay	222	English				hay	*xawwją	119
2061	h ī e ġ	*xawwją	heɪ	hīeġ	222	Old_English	Source: Wiktionary etymology (template:inh) | Source: Wiktionary etymology (template:inh)			hay	*xawwją	119
809	h ɔy	*xawwją	hɔy	Heu	222	German				hay	*xawwją	119
491	h aː z ə l aː r	*xaslăz	haːzəlaːr	hazelaar	134	Dutch				hazel	*xaslăz	120
490	h eɪ z ə l	*xaslăz	heɪzḷ	hazel	134	English				hazel	*xaslăz	120
2062	h æ s l	*xaslăz	heɪzḷ	hæsl	134	Old_English	Source: Wiktionary etymology (template:inh) | Source: Wiktionary etymology (template:inh)			hazel	*xaslăz	120
489	h aː z ə l	*xaslăz	haːzəl	Hasel	134	German				hazel	*xaslăz	120
254	h oː f t	*xaubudą	hoːft	hoofd	70	Dutch				head	*xaubudą	121
253	h ɛ d	*xaubudą	hɛd	head	70	English				head	*xaubudą	121
2063	h ē a f o d	*xaubudą	ˈhæːɑ̯vod	hēafod	70	Old_English	Source: Wiktionary Old English Swadesh list (retrieved 2025-12-12) | Source: Wiktionary etymology (template:inh) | Source: Wiktionary etymology (template:inh)			head	*xaubudą	121
252	h au p t	*xaubudą	haupt	Haupt	70	German				head	*xaubudą	121
189	h eː l ə	*xailjăną	heːlə	helen	53	Dutch				heal	*xailjăną	122
188	h iː l	*xailjăną	hiːl	heal	53	English				heal	*xailjăną	122
2064	h ǣ l a n	*xailjăną	hiːl	hǣlan	53	Old_English	Source: Wiktionary etymology (template:inh) | Source: Wiktionary etymology (template:inh)			heal	*xailjăną	122
187	h ai l ə n	*xailjăną	hailən	heilen	53	German				heal	*xailjăną	122
114	h ɑ r t	*xertōn	hɑrt	hart	32	Dutch				heart	*xertōn	123
113	h ɑː t	*xertōn	hɑːt	heart	32	English				heart	*xertōn	123
2065	h e o r t e	*xertōn	ˈheo̯rˠte	heorte	32	Old_English	Source: Wiktionary Old English Swadesh list (retrieved 2025-12-12) | Source: Wiktionary etymology (template:inh) | Source: Wiktionary etymology (template:inh)			heart	*xertōn	123
112	h ɛ r ts	*xertōn	hɛrt͡s	Herz	32	German				heart	*xertōn	123
1512	h aː r t	*xerθăz	haːrt	haard	414	Dutch				hearth	*xerθăz	124
1511	h ɑː θ	*xerθăz	hɑːθ	hearth	414	English				hearth	*xerθăz	124
2066	h e o r þ	*xerθăz	hɑːθ	heorþ	414	Old_English	Source: Wiktionary etymology (template:inh) | Source: Wiktionary etymology (template:inh)			hearth	*xerθăz	124
1510	h eː r t	*xerθăz	heːrt	Herd	414	German				hearth	*xerθăz	124
567	h iː θ	*xaiθiz	hiːθ	heath	155	English				heath	*xaiθiz	341
2067	h ǣ þ	*xaiθiz	hiːθ	hǣþ	155	Old_English	Source: Wiktionary etymology (template:inh) | Source: Wiktionary etymology (template:inh)			heath	*xaiθiz	341
566	h ai d ə	*xaiθiz	haidə	Heide	155	German				heath	*xaiθiz	341
1074	h eː m ə l	*xemenăz	heːməl	hemel	294	Dutch				heaven	*xemenăz	125
1073	h ɛ v ə n	*xemenăz	hɛvṇ	heaven	294	English				heaven	*xemenăz	125
2068	h e o f o n	*xemenăz	hɛvṇ	heofon	294	Old_English	Source: Wiktionary etymology (template:inh) | Source: Wiktionary etymology (template:inh)			heaven	*xemenăz	125
1072	h ɪ m ə l	*xemenăz	hɪməl	Himmel	294	German				heaven	*xemenăz	125
386	h ɛ x	*xagjăz	hɛx	heg	106	Dutch				hedge	*xagjăz	126
385	h ɛ ʤ	*xagjăz	hɛʤ	hedge	106	English				hedge	*xagjăz	126
2069	h e ġ ġ	*xagjăz	hɛʤ	heġġ	106	Old_English	Source: Wiktionary etymology (template:inh) | Source: Wiktionary etymology (template:inh) | Note: heċġ is the more standard spelling; using heġġ here			hedge	*xagjăz	126
384	h ɛ k ə	*xagjăz	hɛkə	Hecke	106	German				hedge	*xagjăz	126
633	h ɛ l m	*xelmăz	hɛlm	helm	174	Dutch				helm	*xelmăz	127
632	h ɛ l m	*xelmăz	hɛlm	helm	174	English				helm	*xelmăz	127
2070	h e l m	*xelmăz	hɛlm	helm	174	Old_English	Kroonen *helma- m. 'helmet' → OE helm m.; helma is not nom.sg.			helm	*xelmăz	127
631	h ɛ l m	*xelmăz	hɛlm	Helm	174	German				helm	*xelmăz	127
1446	h ɛ l p ə	*xelpăną	hɛlpə	helpen	395	Dutch				help	*xelpăną	128
479	h ʉ l p	*xelpō	hʉlp	hulp	131	Dutch				help	*xelpō	128
1445	h ɛ l p	*xelpăną	hɛlp	help	395	English				help	*xelpăną	128
2071	h e l p a n	*xelpăną	hɛlp	helpan	395	Old_English	OE target: help→helpan (inf. of str.v. class III; noun 'help' is in *xelpō row)			help	*xelpăną	128
478	h ɛ l p	*xelpō	hɛlp	help	131	English				help	*xelpō	128
2072	h e l p	*xelpō	hɛlp	help	131	Old_English	Source: Wiktionary etymology (template:inh) | Source: Wiktionary etymology (template:inh)			help	*xelpō	128
1444	h ɛ l f ə n	*xelpăną	hɛlfən	helfen	395	German				help	*xelpăną	128
477	h ɪ l f ə	*xelpō	hɪlfə	Hilfe	131	German				help	*xelpō	128
345	h ɜː d	*xerdō	hɜːd	herd	95	English				herd	*xerdō	342
2073	h i e r d	*xerdō	hɜːd	hierd	95	Old_English	Source: Wiktionary etymology (template:inh) | Source: Wiktionary etymology (template:inh)			herd	*xerdō	342
344	h eː r d ə	*xerdō	heːrdə	Herde	95	German	BOR			herd	*xerdō	342
93	h ɑu ʋ ə	*xawwăną	hɑuʋə	houwen	26	Dutch				hew	*xawwăną	129
92	h j uː	*xawwăną	hjuː	hew	26	English				hew	*xawwăną	129
2074	h ē a w a n	*xawwăną	hjuː	hēawan	26	Old_English	Source: Wiktionary etymology (template:inh) | Source: Wiktionary etymology (template:inh)			hew	*xawwăną	129
91	h au ə n	*xawwăną	hauən	hauen	26	German				hew	*xawwăną	129
487	h ɪ n d ə	*xendjō	hɪndə	hinde	133	Dutch				hind	*xendjō	130
486	h aɪ n d	*xendjō	haɪnd	hind	133	English				hind	*xendjō	130
2075	h i n d	*xendjō	haɪnd	hind	133	Old_English	Kroonen *hindō- f. 'hind (deer)' → OE hind f.; hindan 'from behind' is wrong lexeme			hind	*xendjō	130
485	h ɪ n d ə	*xendjō	hɪndə	Hinde	133	German				hind	*xendjō	130
597	h ɔː d	*xuzdą	hɔːd	hoard	164	English				hoard	*xuzdą	343
2076	h o r d	*xuzdą	hɔːd	hord	164	Old_English	Source: Wiktionary etymology (template:inh) | Source: Wiktionary etymology (template:inh)			hoard	*xuzdą	343
596	h ɔ r t	*xuzdą	hɔrt	Hort	164	German				hoard	*xuzdą	343
1251	h ɑu d ə	*xaldăną	hɑudə	houden	343	Dutch				hold	*xaldăną	131
1250	h əʊ l d	*xaldăną	həʊld	hold	343	English				hold	*xaldăną	131
2077	h e a l d a n	*xaldăną	həʊld	healdan	343	Old_English	R/T vol.2 10729: PGmc *haldaną > WS OE healdan (with breaking)			hold	*xaldăną	131
1249	h a l t ə n	*xaldăną	haltən	halten	343	German				hold	*xaldăną	131
12	h eː m	*xaimăz	heːm	heem	532	Dutch				home	*xaimăz	132
11	h əʊ m	*xaimăz	həʊm	home	532	English				home	*xaimăz	132
2078	h ā m	*xaimăz	həʊm	hām	532	Old_English	Source: Wiktionary etymology (template:inh) | Source: Wiktionary etymology (template:inh)			home	*xaimăz	132
10	h ai m	*xaimăz	haim	Heim	532	German				home	*xaimăz	132
375	h oː n ɪ ŋ	*xunăgą	hoːnɪŋ	honing	103	Dutch				honey	*xunăgą	133
374	h ʌ n ɪ	*xunăgą	hʌnɪ	honey	103	English				honey	*xunăgą	133
2079	h u n i ġ	*xunăgą	hʌnɪ	huniġ	103	Old_English	Source: Wiktionary etymology (template:inh) | Source: Wiktionary etymology (template:inh)			honey	*xunăgą	133
373	h oː n ɪ x	*xunăgą	hoːnɪx	Honig	103	German				honey	*xunăgą	133
153	h ʊ d	*xōdăz	hʊd	hood	43	English				hood	*xōdăz	344
2080	h ō d	*xōdăz	hʊd	hōd	43	Old_English	Source: Wiktionary etymology (template:inh) | Source: Wiktionary etymology (template:inh)			hood	*xōdăz	344
152	h uː t	*xōdăz	huːt	Hut	43	German				hood	*xōdăz	344
1891	h uː f	*xōfăz	huːf	hoef	518	Dutch				hoof	*xōfăz	134
1890	h uː f	*xōfăz	huːf	hoof	518	English				hoof	*xōfăz	134
2081	h ō f	*xōfăz	huːf	hōf	518	Old_English	Source: Wiktionary etymology (template:inh) | Source: Wiktionary etymology (template:inh)			hoof	*xōfăz	134
1889	h uː f	*xōfăz	huːf	Huf	518	German				hoof	*xōfăz	134
625	h oː r n	*xurną	hoːrn	hoorn	172	Dutch				horn	*xurną	135
624	h ɔː n	*xurną	hɔːn	horn	172	English				horn	*xurną	135
2082	h o r n	*xurną	horˠn	horn	172	Old_English	Proto: oblique *xurnăn→*xurną (n. a-stem nom.sg.; Kroonen)			horn	*xurną	135
623	h ɔ r n	*xurną	hɔrn	Horn	172	German				horn	*xurną	135
338	h ɔ n t	*xundăz	hɔnt	hond	93	Dutch				hound	*xundăz	136
337	h aʊ n d	*xundăz	haʊnd	hound	93	English				hound	*xundăz	136
2083	h u n d	*xundăz	haʊnd	hund	93	Old_English	Source: Wiktionary etymology (template:inh) | Source: Wiktionary etymology (template:inh)			hound	*xundăz	136
336	h ʊ n t	*xundăz	hʊnt	Hund	93	German				hound	*xundăz	136
1838	k n eː d ə	*knedăną	kneːdə	kneden	503	Dutch				knead	*knedăną	137
1837	n iː d	*knedăną	niːd	knead	503	English				knead	*knedăną	137
2084	c n e d a n	*knedăną	niːd	cnedan	503	Old_English	Source: Wiktionary etymology (template:inh) | Source: Wiktionary etymology (template:inh)			knead	*knedăną	137
1836	k n eː t ə n	*knedăną	kneːtən	kneten	503	German				knead	*knedăną	137
908	k n iː	*knewą	kniː	knie	249	Dutch				knee	*knewą	138
907	n iː	*knewą	niː	knee	249	English				knee	*knewą	138
2085	c n ē o w	*knewą	kneːo̯w	cnēow	249	Old_English	Source: Wiktionary Old English Swadesh list (retrieved 2025-12-12) | Source: Wiktionary etymology (template:inh) | Source: Wiktionary etymology (template:inh)			knee	*knewą	138
906	k n iː	*knewą	kniː	Knie	249	German				knee	*knewą	138
771	k n ɛ x t	*knixtăz	knɛxt	knecht	211	Dutch				knight	*knixtăz	139
770	n aɪ t	*knixtăz	naɪt	knight	211	English				knight	*knixtăz	139
2086	c n i h t	*knixtăz	naɪt	cniht	211	Old_English	Source: Wiktionary etymology (template:inh) | Source: Wiktionary etymology (template:inh)			knight	*knixtăz	139
769	k n ɛ x t	*knixtăz	knɛxt	Knecht	211	German				knight	*knixtăz	139
539	k n oː p	*knuppăz	knoːp	knoop	147	Dutch				knob	*knuppăz	140
538	n ɔ b	*knuppăz	nɔb	knob	147	English				knob	*knuppăz	140
2087	c n o b b a	*knuppăz	nɔppa	cnobba	147	Old_English	Unattested Old English cognate; likely *cnobba based on ME knob (Chaucer) and Frisian knobbe.			knob	*knuppăz	140
537	k n ɔ pf	*knuppăz	knɔp͡f	Knopf	147	German				knob	*knuppăz	140
405	l aː d ə	*laθōjăną	laːdə	laden	111	Dutch				lade	*laθōjăną	141
404	l eɪ d	*laθōjăną	leɪd	lade	111	English				lade	*laθōjăną	141
2088	h l a d a n	*xlaθaną	leɪd	hladan	111	Old_English	Wiktionary: PGmc *hlaþaną > OE hladan | Proto encoding: -aną (full vowel) for A-restoration; R/T §6.3.1			lade	*xlaθaną	141
403	l aː d ə n	*laθōjăną	laːdən	laden	111	German				lade	*laθōjăną	141
1355	l ɑ n t	*landą	lɑnt	land	371	Dutch				land	*landą	142
1354	l æ n d	*landą	lænd	land	371	English				land	*landą	142
2089	l a n d	*landą	lænd	land	371	Old_English	Source: Wiktionary etymology (template:inh) | Source: Wiktionary etymology (template:inh)			land	*landą	142
1353	l a n t	*landą	lant	Land	371	German				land	*landą	142
1554	l ɑ p	*labbăz	lɑp	lap	426	Dutch				lap	*labbăz	143
1553	l æ p	*labbăz	læp	lap	426	English				lap	*labbăz	143
2090	l æ p p a	*labbăz	læp	læppa	426	Old_English	Source: Wiktionary etymology (template:inh) | Source: Wiktionary etymology (template:inh)			lap	*labbăz	143
1552	l a p ə n	*labbăz	lapən	Lappen	426	German				lap	*labbăz	143
535	l ɑː s t	*laistjăną	lɑːst	last	146	English				last	*laistjăną	345
2091	l ǣ s t a n	*laistjăną	lɑːst	lǣstan	146	Old_English	Source: Wiktionary etymology (template:der) | Source: Wiktionary etymology (template:der)			last	*laistjăną	345
534	l ai s t ə n	*laistjăną	laistən	leisten	146	German				last	*laistjăną	345
1063	l ɑ x ə	*lakăną	lɑxə	lachen	291	Dutch				laugh	*lakăną	144
1062	l ɑː f	*lakăną	lɑːf	laugh	291	English				laugh	*lakăną	144
2092	h l æ h h a n	*xlaxjăną	lɑːf	hlæhhan	291	Old_English	R/T: PGmc *hlahjanan > OE hlæhhan/hliehhan			laugh	*xlaxjăną	144
1061	l a x ə n	*lakăną	laxən	lachen	291	German				laugh	*lakăną	144
1746	l ɛɪ d ə	*laidjăną	lɛɪdə	leiden	478	Dutch				lead	*laidjăną	145
1745	l iː d	*laidjăną	liːd	lead	478	English				lead	*laidjăną	145
2093	l ǣ d a n	*laidjăną	liːd	lǣdan	478	Old_English	R/T vol.2 13527-29: PGmc *laidijaną > OE lǣdan (to lead)			lead	*laidjăną	145
1744	l ai t ə n	*laidjăną	laitən	leiten	478	German				lead	*laidjăną	145
664	l oː f	*laubą	loːf	loof	182	Dutch				leaf	*laubą	146
663	l iː f	*laubą	liːf	leaf	182	English				leaf	*laubą	146
2094	l ē a f	*laubą	læːɑ̯f	lēaf	182	Old_English	Source: Wiktionary Old English Swadesh list (retrieved 2025-12-12) | Source: Wiktionary etymology (template:inh) | Source: Wiktionary etymology (template:inh)			leaf	*laubą	146
662	l au p	*laubą	laup	Laub	182	German				leaf	*laubą	146
1595	l ɜː n	*liznōjăną	lɜːn	learn	437	English				learn	*liznōjăną	346
2095	l e o r n i a n	*liznōjăną	lɜːn	leornian	437	Old_English	Source: Wiktionary etymology (template:inh) | Source: Wiktionary etymology (template:inh)			learn	*liznōjăną	346
1594	l ɛ r n ə n	*liznōjăną	lɛrnən	lernen	437	German				learn	*liznōjăną	346
47	l ɛ ð ə	*leθrą	lɛðə	leather	13	English				leather	*leθrą	347
2096	l e þ e r	*leθrą	lɛðə	leþer	13	Old_English	Source: Wiktionary etymology (template:inh) | Source: Wiktionary etymology (template:inh)			leather	*leθrą	347
46	l eː d ə r	*leθrą	leːdər	Leder	13	German				leather	*leθrą	347
787	l uː k	*laukăz	luːk	look	215	Dutch				leek	*laukăz	147
786	l iː k	*laukăz	liːk	leek	215	English				leek	*laukăz	147
2097	l ē a c	*laukăz	liːk	lēac	215	Old_English	Source: Wiktionary etymology (template:inh) | Source: Wiktionary etymology (template:inh)			leek	*laukăz	147
785	l au x	*laukăz	laux	Lauch	215	German				leek	*laukăz	147
922	l aː t ə	*lētăną	laːtə	laten	253	Dutch				let	*lētăną	148
921	l ɛ t	*lētăną	lɛt	let	253	English				let	*lētăną	148
2098	l ǣ t a n	*lētăną	lɛt	lǣtan	253	Old_English	Source: Wiktionary etymology (template:der) | Source: Wiktionary etymology (template:der)			let	*lētăną	148
920	l a s ə n	*lētăną	lasən	lassen	253	German				let	*lētăną	148
1599	l ɪ k ə	*likkōjăną	lɪkə	likken	438	Dutch				lick	*likkōjăną	149
1598	l ɪ k	*likkōjăną	lɪk	lick	438	English				lick	*likkōjăną	149
2099	l i c c i a n	*likkōjăną	lɪk	liccian	438	Old_English	Source: Wiktionary etymology (template:inh) | Source: Wiktionary etymology (template:inh)			lick	*likkōjăną	149
1597	l ɛ k ə n	*likkōjăną	lɛkən	lecken	438	German				lick	*likkōjăną	149
1641	l ɪ t	*xlidą	lɪt	lid	450	Dutch	Proto: *liθuz → *xlidą (Wiktionary *hlidą 'lid, cover')			lid	*xlidą	150
1640	l ɪ d	*xlidą	lɪd	lid	450	English	Proto: *liθuz → *xlidą (Wiktionary *hlidą 'lid, cover')			lid	*xlidą	150
2100	h l i d	*xlidą	lɪd	hlid	450	Old_English	Proto: *liθuz → *xlidą (Wiktionary *hlidą 'lid, cover')			lid	*xlidą	150
1639	l iː t	*xlidą	liːt	Lid	450	German	Proto: *liθuz → *xlidą (Wiktionary *hlidą 'lid, cover')			lid	*xlidą	150
839	l ɛɪ f	*lībą	lɛɪf	lijf	230	Dutch				life	*lībą	151
838	l aɪ f	*lībą	laɪf	life	230	English				life	*lībą	151
2101	l ī f	*lībą	laɪf	līf	230	Old_English	Source: Wiktionary etymology (template:inh) | Source: Wiktionary etymology (template:inh)			life	*lībą	151
837	l ai p	*lībą	laip	Leib	230	German				life	*lībą	151
528	l ɪ x t ə	*leuxtjăną	lɪxtə	lichten	144	Dutch				light	*leuxtjăną	152
527	l aɪ t	*leuxtjăną	laɪt	light	144	English				light	*leuxtjăną	152
2102	l ī e h t a n	*leuxtjăną	laɪt	līehtan	144	Old_English	OE target: lēoht→līehtan (wk.v. I 'to light', matching verb proto *leuxtjăną; noun 'lēoht' from *leuxtą)			light	*leuxtjăną	152
526	l ɔy x t ə n	*leuxtjăną	lɔyxtən	leuchten	144	German				light	*leuxtjăną	152
122	l ɛɪ m	*līmą	lɛɪm	lijm	34	Dutch				lime	*līmą	153
121	l aɪ m	*līmą	laɪm	lime	34	English				lime	*līmą	153
2103	l ī m	*līmą	laɪm	līm	34	Old_English	Source: Wiktionary etymology (template:inh) | Source: Wiktionary etymology (template:inh)			lime	*līmą	153
120	l ai m	*līmą	laim	Leim	34	German				lime	*līmą	153
1727	l ɪ n d ə	*lindō	lɪndə	linde	473	Dutch				linden	*lindō	154
1726	l ɪ n d ə n	*lindō	lɪndən	linden	473	English				linden	*lindō	154
2104	l i n d	*lindō	lɪndən	lind	473	Old_English	Kroonen *lindō- f. 'linden/lime tree' → OE lind f.; linden is not standard OE form			linden	*lindō	154
1725	l ɪ n d ə	*lindō	lɪndə	Linde	473	German				linden	*lindō	154
945	l ɛɪ n	*līnōn	lɛɪn	lijn	259	Dutch				line	*līnōn	155
944	l aɪ n	*līnōn	laɪn	line	259	English				line	*līnōn	155
2105	l ī n e	*līnōn	laɪn	līne	259	Old_English	Source: Wiktionary etymology (template:inh) | Source: Wiktionary etymology (template:inh)			line	*līnōn	155
943	l ai n ə	*līnōn	lainə	Leine	259	German				line	*līnōn	155
1438	l ɛɪ s t	*līstōn	lɛɪst	lijst	393	Dutch				list	*līstōn	156
1437	l ɪ s t	*līstōn	lɪst	list	393	English				list	*līstōn	156
2106	l ī s t e	*līstōn	lɪst	līste	393	Old_English	Source: Wiktionary etymology (template:inh) | Source: Wiktionary etymology (template:inh)			list	*līstōn	156
1436	l ai s t ə	*līstōn	laistə	Leiste	393	German				list	*līstōn	156
617	l eː v ə	*libēną	leːvə	leven	170	Dutch				live	*libēną	157
616	l aɪ v	*libēną	laɪv	live	170	English				live	*libēną	157
2107	l i f e þ	*libēþi	laɪv	lifeþ	170	Old_English	Source: Wiktionary etymology (template:inh) | 3sg pres. indic. (archaic North. lifed); infinitive libban shows j-gemination from *libjăną stem, not *-ē- stem			live	*libēþi	157
615	l eː b ə n	*libēną	leːbən	leben	170	German				live	*libēną	157
213	l eː v ə r	*librō	leːvər	lever	59	Dutch				liver	*librō	158
212	l ɪ v ə	*librō	lɪvə	liver	59	English				liver	*librō	158
2108	l i f e r	*librō	ˈliver	lifer	59	Old_English	Source: Wiktionary Old English Swadesh list (retrieved 2025-12-12) | Source: Wiktionary etymology (template:inh) | Source: Wiktionary etymology (template:inh)			liver	*librō	158
211	l eː b ə r	*librō	leːbər	Leber	59	German				liver	*librō	158
904	l eː m	*laimōn	leːm	leem	248	Dutch				loam	*laimōn	159
903	l əʊ m	*laimōn	ləʊm	loam	248	English				loam	*laimōn	159
2109	l ā m	*laimōn	ləʊm	lām	248	Old_English	Source: Wiktionary etymology (template:inh) | Source: Wiktionary etymology (template:inh)			loam	*laimōn	159
902	l eː m	*laimōn	leːm	Lehm	248	German				loam	*laimōn	159
258	l eː t	*laiθăz	leːt	leed	71	Dutch				loath	*laiθăz	160
257	l əʊ θ	*laiθăz	ləʊθ	loath	71	English				loath	*laiθăz	160
2110	l ā þ	*laiθăz	ləʊθ	lāþ	71	Old_English	Source: Wiktionary etymology (template:inh) | TSV: ð→þ (allographic convention)			loath	*laiθăz	160
256	l ai t	*laiθăz	lait	Leid	71	German				loath	*laiθăz	160
1150	l ɔ k	*lukkăz	lɔk	lok	315	Dutch				lock	*lukkăz	161
859	l ɔ k	*luką	lɔk	lock	236	English				lock	*luką	161
2111	l o c	*luką	lɔk	loc	236	Old_English	Source: Wiktionary etymology (template:inh) | Source: Wiktionary etymology (template:inh)			lock	*luką	161
1149	l ɔ k	*lukkăz	lɔk	lock	315	English				lock	*lukkăz	161
2112	l o c c	*lukkăz	lɔk	locc	315	Old_English	Source: Wiktionary etymology (template:inh) | Source: Wiktionary etymology (template:inh)			lock	*lukkăz	161
858	l ɔ x	*luką	lɔx	Loch	236	German				lock	*luką	161
1148	l ɔ k ə	*lukkăz	lɔkə	Locke	315	German				lock	*lukkăz	161
1826	l œy s	*lūsz	lœys	luis	500	Dutch				louse	*lūsz	162
1825	l aʊ s	*lūsz	laʊs	louse	500	English				louse	*lūsz	162
2113	l ū s	*lūsz	luːs	lūs	500	Old_English	Source: Wiktionary Old English Swadesh list (retrieved 2025-12-12) | Source: Wiktionary etymology (template:inh) | Source: Wiktionary etymology (template:inh)			louse	*lūsz	162
1824	l au s	*lūsz	laus	Laus	500	German				louse	*lūsz	162
892	l ɔ ŋ	*lungō	lɔŋ	long	245	Dutch				lung	*lungō	163
891	l ʌ ŋ	*lungō	lʌŋ	lung	245	English				lung	*lungō	163
2114	l u n g e n	*lungō	lunɡen	lungen	245	Old_English	TSV fix: proto was *lungwą (spurious -wą); changed to *lungō (neut. n-stem, Kroonen *lungōn- p.367). OE lungen specifically < *lungunjo- (Kroonen), a derivative of *lungō.			lung	*lungō	163
890	l ʊ ŋ ə	*lungō	lʊŋə	Lunge	245	German				lung	*lungō	163
1329	l ʉ s t	*lustuz	lʉst	lust	364	Dutch				lust	*lustuz	164
1328	l ʌ s t	*lustuz	lʌst	lust	364	English				lust	*lustuz	164
2115	l u s t	*lustuz	lʌst	lust	364	Old_English	Source: Wiktionary etymology (template:inh) | Source: Wiktionary etymology (template:inh)			lust	*lustuz	164
1327	l ʊ s t	*lustuz	lʊst	Lust	364	German				lust	*lustuz	164
371	l oː x	*laugō	loːx	loog	102	Dutch				lye	*laugō	165
370	l aɪ	*laugō	laɪ	lye	102	English				lye	*laugō	165
2116	l ē a h	*laugō	laɪ	lēah	102	Old_English	Source: Wiktionary etymology (template:inh) | Source: Wiktionary etymology (template:inh)			lye	*laugō	165
369	l au ɡ ə	*laugō	lauɡə	Lauge	102	German				lye	*laugō	165
1457	m aː k ə	*makōjăną	maːkə	maken	398	Dutch				make	*makōjăną	166
1456	m eɪ k	*makōjăną	meɪk	make	398	English				make	*makōjăną	166
2117	m a c i a n	*makōjăną	meɪk	macian	398	Old_English	Source: Wiktionary etymology (template:der) | Source: Wiktionary etymology (template:der)			make	*makōjăną	166
1455	m a x ə n	*makōjăną	maxən	machen	398	German				make	*makōjăną	166
989	m ɑu t	*maltăz	mɑut	mout	271	Dutch				malt	*maltăz	167
988	m ɔː l t	*maltăz	mɔːlt	malt	271	English				malt	*maltăz	167
2118	m e a l t	*maltăz	mɔːlt	mealt	271	Old_English	Source: Wiktionary etymology (template:der) | Source: Wiktionary etymology (template:der)			malt	*maltăz	167
987	m a l ts	*maltăz	malt͡s	Malz	271	German				malt	*maltăz	167
1928	m ɑ n	*mannăz	mɑn	man	529	Dutch				man	*mannăz	168
1927	m æ n	*mannăz	mæn	man	529	English				man	*mannăz	168
2119	m a n n	*mannăz	mɒnː	mann	529	Old_English	Source: Wiktionary Old English Swadesh list (retrieved 2025-12-12) | Source: Wiktionary etymology (template:inh) | Source: Wiktionary etymology (template:inh)			man	*mannăz	168
1926	m a n	*mannăz	man	Mann	529	German				man	*mannăz	168
44	m ɑ r k	*markō	mɑrk	mark	12	Dutch				march	*markō	169
43	m ɑː ʧ	*markō	mɑːʧ	march	12	English				march	*markō	169
2120	m e a r c	*markō	mɑːʧ	mearc	12	Old_English	Kroonen *markō- f. 'boundary' → OE mearc f.; mearcian is the verb 'to mark'			march	*markō	169
42	m a r k	*markō	mark	Mark	12	German	EXC			march	*markō	169
1712	m ɑ s t	*mastăz	mɑst	mast	469	Dutch				mast	*mastăz	170
1711	m ɑː s t	*mastăz	mɑːst	mast	469	English				mast	*mastăz	170
2121	m æ s t	*mastăz	mɑːst	mæst	469	Old_English	Source: Wiktionary etymology (template:der) | Source: Wiktionary etymology (template:der)			mast	*mastăz	170
1710	m a s t	*mastăz	mast	Mast	469	German				mast	*mastăz	170
239	m aː l	*mēlą	maːl	maal	66	Dutch				meal	*mēlą	171
238	m iː l	*mēlą	miːl	meal	66	English				meal	*mēlą	171
2122	m ǣ l	*mēlą	miːl	mǣl	66	Old_English	Source: Wiktionary etymology (template:inh) | Source: Wiktionary etymology (template:inh)			meal	*mēlą	171
237	m aː l	*mēlą	maːl	Mal	66	German				meal	*mēlą	171
75	m eː n ə	*mainjăną	meːnə	menen	21	Dutch				mean	*mainjăną	172
74	m iː n	*mainjăną	miːn	mean	21	English				mean	*mainjăną	172
2123	m ǣ n a n	*mainjăną	miːn	mǣnan	21	Old_English	Source: Wiktionary etymology (template:inh) | Source: Wiktionary etymology (template:inh)			mean	*mainjăną	172
73	m ai n ə n	*mainjăną	mainən	meinen	21	German				mean	*mainjăną	172
648	m iː d	*mizdō	miːd	meed	178	English				meed	*mizdō	348
2124	m ē d	*mizdō	miːd	mēd	178	Old_English	Source: Wiktionary etymology (template:inh) | Source: Wiktionary etymology (template:inh)			meed	*mizdō	348
647	m iː t ə	*mizdō	miːtə	Miete	178	German				meed	*mizdō	348
1576	m ɑ x t	*maxtiz	mɑxt	macht	432	Dutch				might	*maxtiz	173
1575	m aɪ t	*maxtiz	maɪt	might	432	English				might	*maxtiz	173
2125	m i h t	*maxtiz	maɪt	miht	432	Old_English	Source: Wiktionary etymology (template:inh) | Source: Wiktionary etymology (template:inh)			might	*maxtiz	173
1574	m a x t	*maxtiz	maxt	Macht	432	German				might	*maxtiz	173
668	m ɛ l k	*melukz	mɛlk	melk	183	Dutch				milk	*melukz	174
667	m ɪ l k	*melukz	mɪlk	milk	183	English				milk	*melukz	174
2126	m e o l c	*melukz	mɪlk	meolc	183	Old_English	Source: Wiktionary etymology (template:inh) | Source: Wiktionary etymology (template:inh)			milk	*melukz	174
666	m ɪ l x	*melukz	mɪlx	Milch	183	German				milk	*melukz	174
760	m aː n t	*mēnōθz	maːnt	maand	208	Dutch				month	*mēnōθz	175
759	m ʌ n θ	*mēnōθz	mʌnθ	month	208	English				month	*mēnōθz	175
2127	m ō n a þ	*mēnōθz	mʌnθ	mōnaþ	208	Old_English	Source: Wiktionary etymology (template:inh) | Source: Wiktionary etymology (template:inh)			month	*mēnōθz	175
758	m oː n aː t	*mēnōθz	moːnaːt	Monat	208	German	IRR			month	*mēnōθz	175
719	m uː t	*mōdăz	muːt	moed	197	Dutch				mood	*mōdăz	176
718	m uː d	*mōdăz	muːd	mood	197	English				mood	*mōdăz	176
2128	m ō d	*mōdăz	muːd	mōd	197	Old_English	Source: Wiktionary etymology (template:inh) | Source: Wiktionary etymology (template:inh)			mood	*mōdăz	176
717	m uː t	*mōdăz	muːt	Mut	197	German				mood	*mōdăz	176
1620	m uː d ə r	*mōdēr	muːdər	moeder	444	Dutch				mother	*mōdēr	177
1619	m ʌ ð ə	*mōdēr	mʌðə	mother	444	English				mother	*mōdēr	177
2129	m ō d e r	*mōdēr	ˈmoːdər	mōder	444	Old_English	Source: Wiktionary Old English Swadesh list (retrieved 2025-12-12) | Source: Wiktionary etymology (template:inh) | Source: Wiktionary etymology (template:inh) | Note: mōder is the regular nom.sg. reflex (cf. dat.sg. mēder < *mōdri). R/T §7.2.1: modor ~ -ur has suffixal vowel leveled from oblique cases (analogical).			mother	*mōdēr	177
1618	m ʊ t ə r	*mōdēr	mʊtər	Mutter	444	German				mother	*mōdēr	177
1580	n aː ɣ ə l	*naglăz	naːɣəl	nagel	433	Dutch				nail	*naglăz	178
1579	n eɪ l	*naglăz	neɪl	nail	433	English				nail	*naglăz	178
2130	n æ ġ l	*naglăz	neɪl	næġl	433	Old_English	Source: Wiktionary etymology (template:inh) | Source: Wiktionary etymology (template:inh)			nail	*naglăz	178
1578	n aː ɡ ə l	*naglăz	naːɡəl	Nagel	433	German				nail	*naglăz	178
82	n aː m	*namô	naːm	naam	23	Dutch				name	*namô	179
81	n eɪ m	*namô	neɪm	name	23	English				name	*namô	179
2131	n a m a	*namô	ˈnɒmɑ	nama	23	Old_English	Source: Wiktionary Old English Swadesh list (retrieved 2025-12-12) | Source: Wiktionary etymology (template:inh) | Source: Wiktionary etymology (template:inh)			name	*namô	179
80	n aː m ə	*namô	naːmə	Name	23	German				name	*namô	179
629	n aː f	*nabō	naːf	naaf	173	Dutch				nave	*nabō	180
628	n eɪ v	*nabō	neɪv	nave	173	English				nave	*nabō	180
2132	n a f u	*nabō	neɪv	nafu	173	Old_English	Source: Wiktionary etymology (template:inh) | Source: Wiktionary etymology (template:inh)			nave	*nabō	180
627	n aː b ə	*nabō	naːbə	Nabe	173	German				nave	*nabō	180
431	n aː v ə l	*nablô	naːvəl	navel	118	Dutch				navel	*nablô	181
430	n eɪ v ə l	*nablô	neɪvḷ	navel	118	English				navel	*nablô	181
2133	n a f o l a	*nablô	neɪvḷ	nafola	118	Old_English	Proto-form contested: Kroonen reconstructs PGmc *nablōn- (stem *nablan-), but R/T vol.2 §6.3.1 p.206 gives pre-retraction *nabulō with medial vowel (cf. OHG nabalo). The medial *u may be PWGmc-level epenthesis. Current *nablô is per Kroonen; pipeline may need *nabulô for A-restoration to fire correctly (R/T chronology has epenthesis much later than retraction).			navel	*nablô	181
429	n aː b ə l	*nablô	naːbəl	Nabel	118	German				navel	*nablô	181
1166	n ɛ k	*xnakkăz	nɛk	nek	319	Dutch				neck	*xnakkăz	182
1165	n ɛ k	*xnakkăz	nɛk	neck	319	English				neck	*xnakkăz	182
2134	h n e c c a	*xnekkô	ˈsweːo̯rɑ	hnecca	319	Old_English	Proto corrected: weak masc. n-stem with e-grade nom.sg. *xnekkô (Kroonen 2013, PIE *knékō). Kroonen reconstructs root ablaut: nom.sg. *hnekkô (e-grade), gen.sg. *hnukkaz (zero-grade), acc.pl. *hnakkunz (a-grade). OE/OFris/MNdl generalized e-grade; ON/OHG generalized a-grade (Kluge/Seebold s.v. Nacken). TSV had *xnakkăz (wrong class + wrong grade). German row retains a-grade *xnakkăz.			neck	*xnekkô	182
1164	n a k ə n	*xnakkăz	nakən	Nacken	319	German				neck	*xnakkăz	182
483	n oː t	*naudiz	noːt	nood	132	Dutch				need	*naudiz	183
482	n iː d	*naudiz	niːd	need	132	English				need	*naudiz	183
2135	n ī e d	*naudiz	niːd	nīed	132	Old_English	Source: Wiktionary etymology (template:inh) | Source: Wiktionary etymology (template:inh)			need	*naudiz	183
481	n oː t	*naudiz	noːt	Not	132	German				need	*naudiz	183
126	n aː l t	*nēθlō	naːlt	naald	35	Dutch				needle	*nēθlō	184
125	n iː d ə l	*nēθlō	niːdḷ	needle	35	English				needle	*nēθlō	184
2136	n ǣ d l	*nēθlō	niːdḷ	nǣdl	35	Old_English	R/T p.435: PGmc *nēþlō/*nēdlō has Verner's alternation; OE nǣdl reflects *d variant			needle	*nēθlō	184
124	n aː d ə l	*nēθlō	naːdəl	Nadel	35	German				needle	*nēθlō	184
318	n ɛ s t	*nistą	nɛst	nest	88	Dutch				nest	*nistą	185
317	n ɛ s t	*nistą	nɛst	nest	88	English				nest	*nistą	185
2137	n e s t	*nistą	nɛst	nest	88	Old_English	Source: Wiktionary etymology (template:inh) | Source: Wiktionary etymology (template:inh)			nest	*nistą	185
316	n ɛ s t	*nistą	nɛst	Nest	88	German				nest	*nistą	185
468	n ɛ t	*natją	nɛt	net	128	Dutch				net	*natją	186
467	n ɛ t	*natją	nɛt	net	128	English				net	*natją	186
2138	n e t	*natją	nɛt	net	128	Old_English	Source: Wiktionary etymology (template:inh) | Source: Wiktionary etymology (template:inh)			net	*natją	186
466	n ɛ ts	*natją	nɛt͡s	Netz	128	German				net	*natją	186
573	n ɛ t ə l	*natilōn	nɛtḷ	nettle	157	English				nettle	*natilōn	349
2139	n e t l e	*natilōn	nɛtḷ	netle	157	Old_English	Source: Wiktionary etymology (template:inh) | Source: Wiktionary etymology (template:inh)			nettle	*natilōn	349
572	n ɛ s ə l	*natilōn	nɛsəl	Nessel	157	German				nettle	*natilōn	349
1541	n ɑ x t	*naxtz	nɑxt	nacht	422	Dutch				night	*naxtz	187
1540	n aɪ t	*naxtz	naɪt	night	422	English				night	*naxtz	187
2140	n i h t	*naxti	niçt	niht	422	Old_English	R/T vol.2 13912-15: OE niht < dat.sg. *nahti (i-umlaut); nom.sg. *nahts > neaht			night	*naxti	187
1539	n a x t	*naxtz	naxt	Nacht	422	German				night	*naxtz	187
130	n ɑ x t m ɛ r iː	( n ɑ x t ) m ɛ r ( iː - )	nɑxtmɛriː	nachtmerrie	36	Dutch				nightmare	*marōn	188
129	n aɪ t m ɛə	*marōn	naɪtmɛə	nightmare	36	English				nightmare	*marōn	188
2141	* n i h t m a r e	( n aɪ - t ) m ɛə r ( - - )	naɪtmɛə	mære	36	Old_English	Source: Wiktionary etymology (template:inh) | Source: Wiktionary etymology (template:inh) | Unattested OE; reconstructed *nihtmare. | OE mære is attested and cognate with -mare; compound not attested in OE.			nightmare	*marōn	188
128	m aː r	*marōn	maːr	Mahr	36	German				nightmare	*marōn	188
326	n eː ɣ ə	*newun	neːɣə	negen	90	Dutch				nine	*newun	189
325	n aɪ n	*newun	naɪn	nine	90	English				nine	*newun	189
2142	n i g o n	*newun	naɪn	nigon	90	Old_English	Source: Wiktionary etymology (template:inh) | Source: Wiktionary etymology (template:inh)			nine	*newun	189
324	n ɔy n	*newun	nɔyn	neun	90	German				nine	*newun	189
1734	n øː s	*nasō	nøːs	neus	475	Dutch				nose	*nasō	190
1733	n əʊ z	*nasō	nəʊz	nose	475	English				nose	*nasō	190
2143	n o s u	*nasō	nozu	nosu	475	Old_English	Source: Wiktionary Old English Swadesh list (retrieved 2025-12-12) | Source: Wiktionary etymology (template:inh) | Source: Wiktionary etymology (template:inh)			nose	*nasō	190
1732	n aː z ə	*nasō	naːzə	Nase	475	German				nose	*nasō	190
604	eː n	*ainăz	eːn	een	166	Dutch				one	*ainăz	191
603	ʋ ʌ n	*ainăz	ʋʌn	one	166	English				one	*ainăz	191
2144	ā n	*ainăz	ɑːn	ān	166	Old_English	Source: Wiktionary Old English Swadesh list (retrieved 2025-12-12) | Source: Wiktionary etymology (template:inh) | Source: Wiktionary etymology (template:inh)			one	*ainăz	191
602	ai n	*ainăz	ain	ein	166	German				one	*ainăz	191
1012	oː v ə	*ufnăz	oːvə	oven	277	Dutch				oven	*ufnăz	192
1011	ʌ v ə n	*ufnăz	ʌvṇ	oven	277	English				oven	*ufnăz	192
2145	o f n	*ufnăz	ʌvṇ	ofn	277	Old_English	Source: Wiktionary etymology (template:inh) | Source: Wiktionary etymology (template:inh)			oven	*ufnăz	192
1010	oː f ə n	*ufnăz	oːfən	Ofen	277	German				oven	*ufnăz	192
686	ɔ s	*uxsô	ɔs	os	188	Dutch				ox	*uxsô	193
685	ɔ k s	*uxsô	ɔks	ox	188	English				ox	*uxsô	193
2146	o x a	*uxsô	ɔks	oxa	188	Old_English	Source: Wiktionary etymology (template:inh) | Source: Wiktionary etymology (template:inh)			ox	*uxsô	193
684	ɔ k s ə	*uxsô	ɔksə	Ochse	188	German				ox	*uxsô	193
1070	r eː ɣ ə	*regną	reːɣə	regen	293	Dutch	MT			rain	*regną	194
1069	r eɪ n	*regną	reɪn	rain	293	English	MT			rain	*regną	194
2147	r e ġ n	*regną	ˈrejn̩	reġn	293	Old_English	MT | TODO: replace with attested Old English form | Source: Wiktionary Old English Swadesh list (retrieved 2025-12-12) | Source: Wiktionary Old English Swadesh list (retrieved 2025-12-12) | Source: Wiktionary etymology (template:inh) | Source: Wiktionary etymology (template:inh)			rain	*regną	194
1068	r eː ɡ ə n	*regną	reːɡən	Regen	293	German				rain	*regną	194
877	r eː ɣ ə m b oː x	r eː ɣ ə ( m - b oː x - - )	reːɣəmboːx	regenboog	241	Dutch				rainbow	*regna-bugô	195
876	r eɪ n b əʊ	*regna-bugô	reɪnbəʊ	rainbow	241	English				rainbow	*regna-bugô	195
2148	r e ġ n b o g a	*regna-bugô	reɪnbəʊ	reġnboga	241	Old_English	Source: Wiktionary etymology (template:inh) | Source: Wiktionary etymology (template:inh)			rainbow	*regna-bugô	195
875	r eː ɡ ə n b oː ɡ ə n	r eː ɡ ə ( n - b oː ɡ ə n )	reːɡənboːɡən	Regenbogen	241	German	DUP			rainbow	*regna-bugô	195
185	r aː f	*xrabnăz	raːf	raaf	52	Dutch				raven	*xrabnăz	196
184	r æ v ə n	*xrabnăz	rævṇ	raven	52	English				raven	*xrabnăz	196
2149	h r æ f n	*xrabnăz	rævṇ	hræfn	52	Old_English	Source: Wiktionary etymology (template:inh) | Source: Wiktionary etymology (template:inh)			raven	*xrabnăz	196
183	r aː b ə	*xrabnăz	raːbə	Rabe	52	German				raven	*xrabnăz	196
1648	r aː d ɛ n	*rēdăną	raːdɛn	raden	452	Dutch				read	*rēdăną	197
1647	r iː d	*rēdăną	riːd	read	452	English				read	*rēdăną	197
2150	r ǣ d a n	*rēdăną	riːd	rǣdan	452	Old_English	Source: Wiktionary etymology (template:inh) | Source: Wiktionary etymology (template:inh)			read	*rēdăną	197
1646	r aː t ə n	*rēdăną	raːtən	raten	452	German				read	*rēdăną	197
708	r oː k	*raukiz	roːk	rook	194	Dutch				reek	*raukiz	198
707	r iː k	*raukiz	riːk	reek	194	English				reek	*raukiz	198
2151	r ē c	*raukiz	riːk	rēc	194	Old_English	Source: Wiktionary etymology (template:inh) | Source: Wiktionary etymology (template:inh)			reek	*raukiz	198
706	r au x	*raukiz	raux	Rauch	194	German				reek	*raukiz	198
560	r ɛ s t	*rastō	rɛst	rest	153	English				rest	*rastō	350
2152	r æ s t e	*rastōz	ræste	ræste	153	Old_English	Oblique (ō-stem gen.sg.) *rastōz > ræste: PGmc gen.sg. *-ōz did not undergo NWGmcFinalLongORaising (R/T §5.1.3) because *-ō was not word-final (*-z still present). After PWGmc z-loss with vowel shortening (*-ōz > *-a, R/T §3.1.1 p.58), suffix is front, no A-restoration, AFB gives ræ-. Attested ræste abundantly in BT (tó ræste, on ræste, etc.). Paradigmatic leveling from oblique ræst- to nom.sg. (cf. R/T §6.3.2 on dag paradigm).			rest	*rastōz	350
559	r a s t	*rastō	rast	Rast	153	German				rest	*rastō	350
167	r ɛɪ d ə	*rīdăną	rɛɪdə	rijden	47	Dutch				ride	*rīdăną	199
166	r aɪ d	*rīdăną	raɪd	ride	47	English				ride	*rīdăną	199
2153	r ī d a n	*rīdăną	raɪd	rīdan	47	Old_English	Source: Wiktionary etymology (template:inh) | Source: Wiktionary etymology (template:inh)			ride	*rīdăną	199
165	r ai t ə n	*rīdăną	raitən	reiten	47	German				ride	*rīdăną	199
1550	r aɪ n d	*rindō	raɪnd	rind	425	English				rind	*rindō	351
2154	r i n d	*rindō	raɪnd	rind	425	Old_English	Source: Wiktionary etymology (template:inh) | Source: Wiktionary etymology (template:inh)			rind	*rindō	351
1549	r ɪ n d ə	*rindō	rɪndə	Rinde	425	German				rind	*rindō	351
1385	r ɔ k	*rukkăz	rɔk	rok	379	Dutch				coat	*rukkăz	200
1384	r ɒ k	*rukkăz	rɒk	rock	379	English				coat	*rukkăz	200
2155	r o c c	*rukkăz	rɔk	rocc	379	Old_English	Garment word: OE rocc 'tunic' (brēostrocc, pistolrocc etc.), from PGmc *rukkăz (a-stem). Previous entry conflated stone and garment etymologies.			coat	*rukkăz	200
1383	ʁ ɔ k	*rukkăz	ʁɔk	Rock	379	German				coat	*rukkăz	200
1738	r eː	*raixōn	reː	ree	476	Dutch				roe	*raixōn	201
1737	r əʊ	*raixōn	rəʊ	roe	476	English				roe	*raixōn	201
2156	* h r o g n	*raixōn	rəʊ	-	476	Old_English	Source: Wiktionary etymology (template:inh) | Source: Wiktionary etymology (template:inh) | Unattested OE; reconstructed *hrogn.			roe	*raixōn	201
1736	r eː	*raixōn	reː	Reh	476	German				roe	*raixōn	201
1096	r uː d	*rōdō	ruːd	rood	300	English				rood	*rōdō	352
2157	r ō d	*rōdō	ruːd	rōd	300	Old_English	Source: Wiktionary etymology (template:inh) | Source: Wiktionary etymology (template:inh)			rood	*rōdō	352
1095	r uː t ə	*rōdō	ruːtə	Rute	300	German				rood	*rōdō	352
499	r œy m	*rūmą	rœym	ruim	136	Dutch				room	*rūmą	202
498	r uː m	*rūmą	ruːm	room	136	English				room	*rūmą	202
2158	r ū m	*rūmą	ruːm	rūm	136	Old_English	Source: Wiktionary etymology (template:inh) | Source: Wiktionary etymology (template:inh)			room	*rūmą	202
497	r au m	*rūmą	raum	Raum	136	German				room	*rūmą	202
1306	r ɛɪ p	*raipą	rɛɪp	rijp	358	Dutch				rope	*raipą	203
1305	r əʊ p	*raipą	rəʊp	rope	358	English				rope	*raipą	203
2159	r ā p	*raipą	rɑːp	rāp	358	Old_English	Source: Wiktionary Old English Swadesh list (retrieved 2025-12-12) | Source: Wiktionary etymology (template:inh) | Source: Wiktionary etymology (template:inh)			rope	*raipą	203
1304	r ai f	*raipą	raif	Reif	358	German				rope	*raipą	203
1672	r uː r	*rōθrăz	ruːr	roer	458	Dutch				rudder	*rōθrăz	204
1671	r ʌ d ə	*rōθrăz	rʌdə	rudder	458	English				rudder	*rōθrăz	204
2160	r ō þ o r	*rōθrăz	rʌdə	rōþor	458	Old_English	Source: Wiktionary etymology (template:inh) | Source: Wiktionary etymology (template:inh)			rudder	*rōθrăz	204
1670	r uː d ə r	*rōθrăz	ruːdər	Ruder	458	German				rudder	*rōθrăz	204
966	r ʌ n	*rinnăną	rʌn	run	265	English				run	*rinnăną	353
2161	r i n n a n	*rinnăną	rʌn	rinnan	265	Old_English	Source: Wiktionary etymology (template:inh) | Source: Wiktionary etymology (template:inh)			run	*rinnăną	353
965	r ɪ n ə n	*rinnăną	rɪnən	rinnen	265	German				run	*rinnăną	353
737	r uː s t	*rustō	ruːst	roest	202	Dutch				rust	*rustō	205
736	r ʌ s t	*rustō	rʌst	rust	202	English				rust	*rustō	205
2162	r u s t	*rustō	rʌst	rust	202	Old_English	OE rust retains u; cf. R/T §2.3.1 for general u-lowering exceptions			rust	*rustō	205
735	r ɔ s t	*rustō	rɔst	Rost	202	German				rust	*rustō	205
1464	r ɔ ɣ ə	*rugiz	rɔɣə	rogge	400	Dutch				rye	*rugiz	206
1463	r aɪ	*rugiz	raɪ	rye	400	English				rye	*rugiz	206
2163	r y ġ e	*rugiz	raɪ	ryġe	400	Old_English	Source: Wiktionary etymology (template:inh) | Source: Wiktionary etymology (template:inh)			rye	*rugiz	206
1462	r ɔ ɡ ə n	*rugiz	rɔɡən	Roggen	400	German				rye	*rugiz	206
941	z ɛɪ l	*seglą	zɛɪl	zeil	258	Dutch				sail	*seglą	207
940	s eɪ l	*seglą	seɪl	sail	258	English				sail	*seglą	207
2164	s e ġ l	*seglą	seɪl	seġl	258	Old_English	Source: Wiktionary etymology (template:inh) | Source: Wiktionary etymology (template:inh)			sail	*seglą	207
939	z eː ɡ ə l	*seglą	zeːɡəl	Segel	258	German				sail	*seglą	207
138	z aː k	*sakō	zaːk	zaak	38	Dutch				sake	*sakō	208
137	s ɑː k ɪ	*sakō	sɑːkɪ	sake	38	English				sake	*sakō	208
2165	s a c u	*sakō	sɑːkɪ	sacu	38	Old_English	Source: Wiktionary etymology (template:inh) | Source: Wiktionary etymology (template:inh)			sake	*sakō	208
136	z a x ə	*sakō	zaxə	Sache	38	German				sake	*sakō	208
1215	z ɑu t	*saltą	zɑut	zout	333	Dutch				salt	*saltą	209
1214	s ɔː l t	*saltą	sɔːlt	salt	333	English				salt	*saltą	209
2166	s e a l t	*saltą	sæɑ̯ɫt	sealt	333	Old_English	Source: Wiktionary Old English Swadesh list (retrieved 2025-12-12) | Source: Wiktionary etymology (template:inh) | Source: Wiktionary etymology (template:inh)			salt	*saltą	209
1213	z a l ts	*saltą	zalt͡s	Salz	333	German				salt	*saltą	209
334	z ɑ l f	*salbō	zɑlf	zalf	92	Dutch				salve	*salbō	210
333	s æ l v	*salbō	sælv	salve	92	English				salve	*salbō	210
2167	s e a l f	*salbō	sælv	sealf	92	Old_English	Source: Wiktionary etymology (template:inh) | Source: Wiktionary etymology (template:inh)			salve	*salbō	210
332	z a l b ə	*salbō	zalbə	Salbe	92	German				salve	*salbō	210
977	s ɑ p	*sapōn	sɑp	sap	268	Dutch				sap	*sapōn	211
976	s æ p	*sapōn	sæp	sap	268	English				sap	*sapōn	211
2168	s æ p	*sapōn	sæp	sæp	268	Old_English	Source: Wiktionary etymology (template:inh) | Source: Wiktionary etymology (template:inh)			sap	*sapōn	211
975	z a f t	*sapōn	zaft	Saft	268	German				sap	*sapōn	211
1490	z eː	*sai	zeː	zee	408	Dutch				sea	*sai	212
1489	s iː	*sai	siː	sea	408	English				sea	*sai	212
2169	s ǣ	*sai	sæː	sǣ	408	Old_English	Source: Wiktionary Old English Swadesh list (retrieved 2025-12-12) | Source: Wiktionary etymology (template:inh) | Source: Wiktionary etymology (template:inh)			sea	*sai	212
1488	z eː	*sai	zeː	See	408	German				sea	*sai	212
514	z oː m	*saumăz	zoːm	zoom	140	Dutch				seam	*saumăz	213
513	s iː m	*saumăz	siːm	seam	140	English				seam	*saumăz	213
2170	s ē a m	*saumăz	siːm	sēam	140	Old_English	Source: Wiktionary etymology (template:inh) | Source: Wiktionary etymology (template:inh)			seam	*saumăz	213
512	z au m	*saumăz	zaum	Saum	140	German				seam	*saumăz	213
107	z uː k ə	*sōkjăną	zuːkə	zoeken	30	Dutch				seek	*sōkjăną	214
106	s iː k	*sōkjăną	siːk	seek	30	English				seek	*sōkjăną	214
2171	s ē ċ a n	*sōkjăną	siːk	sēċan	30	Old_English	Source: Wiktionary etymology (template:inh) | Source: Wiktionary etymology (template:inh)			seek	*sōkjăną	214
105	z uː x ə n	*sōkjăną	zuːxən	suchen	30	German				seek	*sōkjăną	214
1381	z ɛ n d ə	*sandjăną	zɛndə	zenden	378	Dutch				send	*sandjăną	215
1380	s ɛ n d	*sandjăną	sɛnd	send	378	English				send	*sandjăną	215
2172	s e n d a n	*sandjăną	sɛnd	sendan	378	Old_English	Source: Wiktionary etymology (template:inh) | Source: Wiktionary etymology (template:inh)			send	*sandjăną	215
1379	z ɛ n d ə n	*sandjăną	zɛndən	senden	378	German				send	*sandjăną	215
1819	z ɛ t ə	*satjăną	zɛtə	zetten	498	Dutch				set	*satjăną	216
1818	s ɛ t	*satjăną	sɛt	set	498	English				set	*satjăną	216
2173	s e t t a n	*satjăną	sɛt	settan	498	Old_English	Source: Wiktionary etymology (template:inh) | Source: Wiktionary etymology (template:inh)			set	*satjăną	216
1817	z ɛ ts ə n	*satjăną	zɛt͡sən	setzen	498	German				set	*satjăną	216
177	z eː v ə	*sebun	zeːvə	zeven	50	Dutch				seven	*sebun	217
176	s ɛ v ə n	*sebun	sɛvṇ	seven	50	English				seven	*sebun	217
2174	s e o f o n	*sebun	sɛvṇ	seofon	50	Old_English	Source: Wiktionary etymology (template:inh) | Source: Wiktionary etymology (template:inh)			seven	*sebun	217
175	z iː b ə n	*sebun	ziːbən	sieben	50	German				seven	*sebun	217
1861	s x ɑ x t	*skaftą	sxɑxt	schacht	510	Dutch				shaft	*skaftą	218
1860	ʃ ɑː f t	*skaftą	ʃɑːft	shaft	510	English				shaft	*skaftą	218
2175	s ċ e a f t	*skaftą	ʃɑːft	sċeaft	510	Old_English	Source: Wiktionary etymology (template:inh) | Source: Wiktionary etymology (template:inh)			shaft	*skaftą	218
1859	ʃ a f t	*skaftą	ʃaft	Schaft	510	German				shaft	*skaftą	218
1081	ʃ eɪ m	*skamō	ʃeɪm	shame	296	English				shame	*skamō	354
2176	s ċ a m u	*skamō	ʃeɪm	sċamu	296	Old_English	Source: Wiktionary etymology (template:inh) | Source: Wiktionary etymology (template:inh)			shame	*skamō	354
1080	ʃ aː m	*skamō	ʃaːm	Scham	296	German				shame	*skamō	354
1427	s x eː r ə	*skerăną	sxeːrə	scheren	390	Dutch				shear	*skerăną	219
1426	ʃ ɪə	*skerăną	ʃɪə	shear	390	English				shear	*skerăną	219
2177	s ċ i e r a n	*skerăną	ʃɪə	sċieran	390	Old_English	Source: Wiktionary etymology (template:inh) | Source: Wiktionary etymology (template:inh)			shear	*skerăną	219
1425	ʃ eː r ə n	*skerăną	ʃeːrən	scheren	390	German				shear	*skerăną	219
1117	s x eː d ə	*skaiθiz	sxeːdə	schede	306	Dutch				sheath	*skaiθiz	220
1116	ʃ iː θ	*skaiθiz	ʃiːθ	sheath	306	English				sheath	*skaiθiz	220
2178	s ċ ē a þ	*skaiθiz	ʃiːθ	sċēaþ	306	Old_English	Source: Wiktionary etymology (template:inh) | Source: Wiktionary etymology (template:inh)			sheath	*skaiθiz	220
1115	ʃ ai d ə	*skaiθiz	ʃaidə	Scheide	306	German				sheath	*skaiθiz	220
1371	s x aː p	*skēpą	sxaːp	schaap	375	Dutch				sheep	*skēpą	221
1370	ʃ iː p	*skēpą	ʃiːp	sheep	375	English				sheep	*skēpą	221
2179	s ċ ē a p	*skēpą	ʃiːp	sċēap	375	Old_English	R/T vol.2 12522: PWGmc *skap > OE scéap (WS)			sheep	*skēpą	221
1369	ʃ aː f	*skēpą	ʃaːf	Schaf	375	German				sheep	*skēpą	221
310	s x ɪ l t	*skelduz	sxɪlt	schild	86	Dutch				shield	*skelduz	222
309	ʃ iː l d	*skelduz	ʃiːld	shield	86	English				shield	*skelduz	222
2180	s c i e l d	*skelduz	ʃiːld	sċield	86	Old_English	Source: Wiktionary etymology (template:inh) | Source: Wiktionary etymology (template:inh)			shield	*skelduz	222
308	ʃ ɪ l t	*skelduz	ʃɪlt	Schild	86	German	BOR			shield	*skelduz	222
963	ʃ ɪ l ɪ ŋ	*skellinăz	ʃɪlɪŋ	shilling	264	English				shilling	*skellinăz	355
2181	s ċ i l l i n g	*skellinăz	ʃɪlɪŋ	sċilling	264	Old_English	Source: Wiktionary etymology (template:inh) | Source: Wiktionary etymology (template:inh)			shilling	*skellinăz	355
962	ʃ ɪ l ɪ ŋ	*skellinăz	ʃɪlɪŋ	Schilling	264	German				shilling	*skellinăz	355
1401	s x ɛɪ n ə	*skīnăną	sxɛɪnə	schijnen	383	Dutch				shine	*skīnăną	223
1400	ʃ aɪ n	*skīnăną	ʃaɪn	shine	383	English				shine	*skīnăną	223
2182	s ċ ī n a n	*skīnăną	ʃaɪn	sċīnan	383	Old_English	Source: Wiktionary etymology (template:inh) | Source: Wiktionary etymology (template:inh)			shine	*skīnăną	223
1399	ʃ ai n ə n	*skīnăną	ʃainən	scheinen	383	German				shine	*skīnăną	223
591	s x ɑu d ə r	*skuldrō	sxɑudər	schouder	162	Dutch				shoulder	*skuldrō	224
590	ʃ əʊ l d ə	*skuldrō	ʃəʊldə	shoulder	162	English				shoulder	*skuldrō	224
2183	s c u l d r a	*skuldrō	ʃəʊldə	sċuldra	162	Old_English	Source: Wiktionary etymology (template:inh) | Source: Wiktionary etymology (template:inh)			shoulder	*skuldrō	224
589	ʃ ʊ l t ə r	*skuldrō	ʃʊltər	Schulter	162	German				shoulder	*skuldrō	224
1442	s x œy v ə	*skeubăną	sxœyvə	schuiven	394	Dutch				shove	*skeubăną	225
1441	ʃ ʌ v	*skeubăną	ʃʌv	shove	394	English				shove	*skeubăną	225
2184	s ċ ū f a n	*skeubăną	ʃʌv	sċūfan	394	Old_English	Source: Wiktionary etymology (template:inh) | Source: Wiktionary etymology (template:inh)			shove	*skeubăną	225
1440	ʃ iː b ə n	*skeubăną	ʃiːbən	schieben	394	German				shove	*skeubăną	225
723	s x ɔ f ə l	*skūflō	sxɔfəl	schoffel	198	Dutch				shovel	*skūflō	226
722	ʃ ʌ v ə l	*skūflō	ʃʌvḷ	shovel	198	English				shovel	*skūflō	226
2185	s c o f l	*skūflō	ʃʌvḷ	scofl	198	Old_English	Source: Wiktionary etymology (template:inh) | Source: Wiktionary etymology (template:inh)			shovel	*skūflō	226
721	ʃ au f ə l	*skūflō	ʃaufəl	Schaufel	198	German				shovel	*skūflō	226
1287	s x ɑu ʋ ə	*skawōjăną	sxɑuʋə	schouwen	353	Dutch				show	*skawōjăną	227
1286	ʃ əʊ	*skawōjăną	ʃəʊ	show	353	English				show	*skawōjăną	227
2186	s ċ ē a w i a n	*skawōjăną	ʃəʊ	sċēawian	353	Old_English	Source: Wiktionary etymology (template:inh) | Normalized sċ: initial sc always [ʃ] in OE (Campbell §440).			show	*skawōjăną	227
1285	ʃ au ə n	*skawōjăną	ʃauən	schauen	353	German				show	*skawōjăną	227
1194	ʃ aʊ ə	*skūrō	ʃaʊə	shower	327	English				shower	*skūrō	356
2187	s ċ ū r	*skūrō	ʃaʊə	sċūr	327	Old_English	Source: Wiktionary etymology (template:inh) | Source: Wiktionary etymology (template:inh)			shower	*skūrō	356
1193	ʃ au ə r	*skūrō	ʃauər	Schauer	327	German				shower	*skūrō	356
231	s aɪ d	*sīdōn	saɪd	side	64	English				side	*sīdōn	357
2188	s ī d e	*sīdōn	saɪd	sīde	64	Old_English	Source: Wiktionary etymology (template:inh) | Source: Wiktionary etymology (template:inh)			side	*sīdōn	357
230	z ai t ə	*sīdōn	zaitə	Seite	64	German				side	*sīdōn	357
1750	z eː f	*sibăz	zeːf	zeef	479	Dutch				sieve	*sibăz	228
1749	s ɪ v	*sibăz	sɪv	sieve	479	English				sieve	*sibăz	228
2189	s i f e	*sibăz	sɪv	sife	479	Old_English	Source: Wiktionary etymology (template:inh) | Source: Wiktionary etymology (template:inh)			sieve	*sibăz	228
1748	z iː p	*sibăz	ziːp	Sieb	479	German				sieve	*sibăz	228
1569	z ɪ ŋ ə	*singwăną	zɪŋə	zingen	430	Dutch				sing	*singwăną	229
1568	s ɪ ŋ	*singwăną	sɪŋ	sing	430	English				sing	*singwăną	229
2190	s i n g a n	*singwăną	sɪŋ	singan	430	Old_English	Source: Wiktionary etymology (template:inh) | Source: Wiktionary etymology (template:inh)			sing	*singwăną	229
1567	z ɪ ŋ ə n	*singwăną	zɪŋən	singen	430	German				sing	*singwăną	229
1609	z ɛ ŋ ə	*sangjăną	zɛŋə	zengen	441	Dutch				singe	*sangjăną	230
1608	s ɪ n ʤ	*sangjăną	sɪnʤ	singe	441	English				singe	*sangjăną	230
2191	s e n ġ a n	*sangjăną	sɪnʤ	senġan	441	Old_English	Source: Wiktionary etymology (template:inh) | Source: Wiktionary etymology (template:inh)			singe	*sangjăną	230
1607	z ɛ ŋ ə n	*sangjăną	zɛŋən	sengen	441	German				singe	*sangjăną	230
1055	z ʉ s t ə r	*swestēr	zʉstər	zuster	289	Dutch				sister	*swestēr	231
1054	s ɪ s t ə	*swestēr	sɪstə	sister	289	English				sister	*swestēr	231
2192	s w u s t o r	*swestēr	sɪstə	swustor	289	Old_English	Source: Wiktionary etymology (template:inh) | Source: Wiktionary etymology (template:inh)			sister	*swestēr	231
1053	ʃ v ɛ s t ə r	*swestēr	ʃvɛstər	Schwester	289	German				sister	*swestēr	231
1191	z ɪ t ə	*setjăną	zɪtə	zitten	326	Dutch				sit	*setjăną	232
1190	s ɪ t	*setjăną	sɪt	sit	326	English				sit	*setjăną	232
2193	s i t t a n	*setjăną	sɪt	sittan	326	Old_English	Source: Wiktionary etymology (template:inh) | Source: Wiktionary etymology (template:inh)			sit	*setjăną	232
1189	z ɪ ts ə n	*setjăną	zɪt͡sən	sitzen	326	German				sit	*setjăną	232
1162	z ɛ s	*sexs	zɛs	zes	318	Dutch				six	*sexs	233
1161	s ɪ k s	*sexs	sɪks	six	318	English				six	*sexs	233
2194	s i x	*sexs	sɪks	six	318	Old_English	Source: Wiktionary etymology (template:inh) | Source: Wiktionary etymology (template:inh)			six	*sexs	233
1160	z ɛ k s	*sexs	zɛks	sechs	318	German				six	*sexs	233
1146	s l aː n	*slaxăną	slaːn	slaan	314	Dutch				slay	*slaxăną	234
1145	s l eɪ	*slaxăną	sleɪ	slay	314	English				slay	*slaxăną	234
2195	s l ē a n	*slaxăną	sleɪ	slēan	314	Old_English	Source: Wiktionary etymology (template:inh) | Source: Wiktionary etymology (template:inh)			slay	*slaxăną	234
1144	ʃ l aː ɡ ə n	*slaxăną	ʃlaːɡən	schlagen	314	German				slay	*slaxăną	234
1668	s l aː p ə	*slēpăną	slaːpə	slapen	457	Dutch				sleep	*slēpăną	235
1667	s l iː p	*slēpăną	sliːp	sleep	457	English				sleep	*slēpăną	235
2196	s l ǣ p a n	*slēpăną	sliːp	slǣpan	457	Old_English	OE target: slǣp→slǣpan (inf. of str.v. class VII 'to sleep')			sleep	*slēpăną	235
1666	ʃ l aː f ə n	*slēpăną	ʃlaːfən	schlafen	457	German				sleep	*slēpăną	235
1912	s l ɛɪ m	*slīmą	slɛɪm	slijm	524	Dutch				slime	*slīmą	236
1911	s l aɪ m	*slīmą	slaɪm	slime	524	English				slime	*slīmą	236
2197	s l ī m	*slīmą	slaɪm	slīm	524	Old_English	Source: Wiktionary etymology (template:inh) | Source: Wiktionary etymology (template:inh)			slime	*slīmą	236
1910	ʃ l ai m	*slīmą	ʃlaim	Schleim	524	German				slime	*slīmą	236
1815	s m eː r ə	*smerwjăną	smeːrə	smeren	497	Dutch				smear	*smerwjăną	237
1814	s m ɪə	*smerwjăną	smɪə	smear	497	English				smear	*smerwjăną	237
2198	s m ie r w a n	*smerwjăną	smɪə	smierwan	497	Old_English	Source: Kroonen p.458 *smerwjan- > OE smierwan; R/T §6.7.1 p.289 WS smierwan (Merc. smirwan is Anglian)			smear	*smerwjăną	237
1813	ʃ m iː r ə n	*smerwjăną	ʃmiːrən	schmieren	497	German				smear	*smerwjăną	237
1059	s n eː ʋ	*snaiwăz	sneːʋ	sneeuw	290	Dutch				snow	*snaiwăz	238
1058	s n əʊ	*snaiwăz	snəʊ	snow	290	English				snow	*snaiwăz	238
2199	s n ā w	*snaiwăz	snɑːw	snāw	290	Old_English	Source: Wiktionary Old English Swadesh list (retrieved 2025-12-12) | Source: Wiktionary etymology (template:inh) | Source: Wiktionary etymology (template:inh) | TSV fix: proto *snaigwăz → *snaiwăz (Kroonen *snaiwa-, R/T *snaiwaz; no labiovelar in this etymology).			snow	*snaiwăz	238
1057	ʃ n eː	*snaiwăz	ʃneː	Schnee	290	German				snow	*snaiwăz	238
1100	z ɔ r x	*surgō	zɔrx	zorg	301	Dutch				sorrow	*surgō	239
1099	s ɔ r əʊ	*surgō	sɔrəʊ	sorrow	301	English				sorrow	*surgō	239
2200	s o r g	*surgō	sɔrəʊ	sorg	301	Old_English	Source: Wiktionary etymology (template:inh) | Source: Wiktionary etymology (template:inh)			sorrow	*surgō	239
1098	z ɔ r ɡ ə	*surgō	zɔrɡə	Sorge	301	German				sorrow	*surgō	239
1325	z iː l	*saiwălō	ziːl	ziel	363	Dutch				soul	*saiwălō	240
1324	s əʊ l	*saiwălō	səʊl	soul	363	English				soul	*saiwălō	240
2201	s ā w o l	*saiwălō	səʊl	sāwol	363	Old_English	Source: Wiktionary etymology (template:inh) | Source: Wiktionary etymology (template:inh)			soul	*saiwălō	240
1323	z eː l ə	*saiwălō	zeːlə	Seele	363	German				soul	*saiwălō	240
1359	s p ɑ n ə	*spannăną	spɑnə	spannen	372	Dutch				span	*spannăną	241
1358	s p æ n	*spannăną	spæn	span	372	English				span	*spannăną	241
2202	s p a n n a n	*spannăną	spæn	spannan	372	Old_English	OE target: spann→spannan (inf. of str.v. class VII; noun 'spann' in *spannō row)			span	*spannăną	241
570	s p æ n	*spannō	spæn	span	156	English				span	*spannō	241
2203	s p a n n	*spannō	spæn	spann	156	Old_English	Source: Wiktionary etymology (template:inh) | Source: Wiktionary etymology (template:inh)			span	*spannō	241
1357	ʃ p a n ə n	*spannăną	ʃpanən	spannen	372	German				span	*spannăną	241
569	ʃ p a n ə	*spannō	ʃpanə	Spanne	156	German				span	*spannō	241
1232	s p ɑ r	*sparrô	spɑr	spar	338	Dutch				spar	*sparrô	242
1231	s p ɑː	*sparrô	spɑː	spar	338	English				spar	*sparrô	242
2204	s p e a r r a	*sparrô	spɑː	spearra	338	Old_English	Kroonen *sparran- m. 'rafter, spar' → OE spearra m.; sperran is the verb 'to bar'			spar	*sparrô	242
1230	ʃ p a r ə n	*sparrô	ʃparən	Sparren	338	German				spar	*sparrô	242
835	s p aː r ə	*sparēną	spaːrə	sparen	229	Dutch				spare	*sparēną	243
834	s p ɛə	*sparēną	spɛə	spare	229	English				spare	*sparēną	243
2205	s p a r i a n	*sparēną	spɛə	sparian	229	Old_English	R/T: PGmc *sparēną > OE sparian (to spare); not adj spær			spare	*sparēną	243
833	ʃ p aː r ə n	*sparēną	ʃpaːrən	sparen	229	German				spare	*sparēną	243
367	s p eː r	*speru	speːr	speer	101	Dutch				spear	*speru	244
366	s p ɪə	*speru	spɪə	spear	101	English				spear	*speru	244
2206	s p e r e	*speru	spɪə	spere	101	Old_English	Source: Wiktionary etymology (template:inh) | Source: Wiktionary etymology (template:inh)			spear	*speru	244
365	ʃ p eː r	*speru	ʃpeːr	Speer	101	German				spear	*speru	244
303	s p ɪ n ə	*spinnăną	spɪnə	spinnen	84	Dutch				spin	*spinnăną	245
302	s p ɪ n	*spinnăną	spɪn	spin	84	English				spin	*spinnăną	245
2207	s p i n n a n	*spinnăną	spɪn	spinnan	84	Old_English	Source: Wiktionary etymology (template:inh) | Source: Wiktionary etymology (template:inh)			spin	*spinnăną	245
301	ʃ p ɪ n ə n	*spinnăną	ʃpɪnən	spinnen	84	German				spin	*spinnăną	245
181	s p ɪ l	*spennilō	spɪl	spil	51	Dutch				spindle	*spennilō	246
180	s p ɪ n d ə l	*spennilō	spɪndḷ	spindle	51	English				spindle	*spennilō	246
2208	s p i n d l e	*spennilō	spɪndḷ	spindle	51	Old_English	Source: Wiktionary etymology (template:inh) | Source: Wiktionary etymology (template:inh)			spindle	*spennilō	246
179	ʃ p ɪ n d ə l	*spennilō	ʃpɪndəl	Spindel	51	German				spindle	*spennilō	246
417	s p aː n	*spēnuz	spaːn	spaan	114	Dutch				spoon	*spēnuz	247
416	s p uː n	*spēnuz	spuːn	spoon	114	English				spoon	*spēnuz	247
2209	s p ō n	*spēnuz	spuːn	spōn	114	Old_English	Source: Wiktionary etymology (template:inh) | Source: Wiktionary etymology (template:inh)			spoon	*spēnuz	247
415	ʃ p aː n	*spēnuz	ʃpaːn	Span	114	German				spoon	*spēnuz	247
1504	s p r ɛɪ d ə	*spraidjăną	sprɛɪdə	spreiden	412	Dutch				spread	*spraidjăną	248
1503	s p r ɛ d	*spraidjăną	sprɛd	spread	412	English				spread	*spraidjăną	248
2210	s p r ǣ d a n	*spraidjăną	sprɛd	sprǣdan	412	Old_English	Source: Wiktionary etymology (template:inh) | Source: Wiktionary etymology (template:inh)			spread	*spraidjăną	248
1502	ʃ p r ai t ə n	*spraidjăną	ʃpraitən	spreiten	412	German				spread	*spraidjăną	248
71	s p oː r	*spurô	spoːr	spoor	20	Dutch				spur	*spurô	249
70	s p ɜː	*spurô	spɜː	spur	20	English				spur	*spurô	249
2211	s p o r a	*spurô	spɜː	spora	20	Old_English	Source: Wiktionary etymology (template:inh) | Source: Wiktionary etymology (template:inh)			spur	*spurô	249
69	ʃ p ɔ r n	*spurô	ʃpɔrn	Sporn	20	German				spur	*spurô	249
1405	s t ɑ f	*stabiz	stɑf	staf	384	Dutch				staff	*stabiz	250
1404	s t ɑː f	*stabiz	stɑːf	staff	384	English				staff	*stabiz	250
2212	s t æ f	*stabăz	stɑːf	stæf	384	Old_English	Kroonen: *staba- m. 'staff; letter' (a-stem). OE stæf has æ (not e), ruling out i-stem *-iz. Using a-stem *stabăz.			staff	*stabăz	250
1403	ʃ t aː p	*stabiz	ʃtaːp	Stab	384	German				staff	*stabiz	250
30	s t aː r t	*sturtijăną	staːrt	staart	8	Dutch				start	*sturtijăną	251
29	s t ɑː t	*sturtijăną	stɑːt	start	8	English				start	*sturtijăną	251
2213	s t y r t a n	*sturtijăną	stɑːt	styrtan	8	Old_English	Source: Wiktionary etymology (template:inh) | Source: Wiktionary etymology (template:inh)			start	*sturtijăną	251
28	ʃ t ɛ r ts	*sturtijăną	ʃtɛrt͡s	Sterz	8	German				start	*sturtijăną	251
322	s t ɛ r v ə	*sterbăną	stɛrvə	sterven	89	Dutch				starve	*sterbăną	252
321	s t ɑː v	*sterbăną	stɑːv	starve	89	English				starve	*sterbăną	252
2214	s t e o r f a n	*sterbăną	stɑːv	steorfan	89	Old_English	Source: Wiktionary etymology (template:inh) | Source: Wiktionary etymology (template:inh)			starve	*sterbăną	252
320	ʃ t ɛ r b ə n	*sterbăną	ʃtɛrbən	sterben	89	German				starve	*sterbăną	252
460	s t eː l ə	*stelăną	steːlə	stelen	126	Dutch				steal	*stelăną	253
459	s t iː l	*stelăną	stiːl	steal	126	English				steal	*stelăną	253
2215	s t e l a n	*stelăną	stiːl	stelan	126	Old_English	Source: Wiktionary etymology (Old English link) | Source: Wiktionary etymology (Old English link)			steal	*stelăną	253
458	ʃ t eː l ə n	*stelăną	ʃteːlən	stehlen	126	German				steal	*stelăną	253
1627	s t ɑ m	*stamnăz	stɑm	stam	446	Dutch				stem	*stamnăz	254
1626	s t ɛ m	*stamnăz	stɛm	stem	446	English				stem	*stamnăz	254
2216	s t e f n	*stebnō	stefn	stefn	446	Old_English	Pre-OE transponent *stebn- (citation form *stebnō per R/T p.330) > OE stefn. The form stemn is a later WS variant (fn > mn assimilation, Bülbring §445: 'erst in Alfreds Zeit'). The deeper PGmc reconstruction remains disputed (see DEV_NOTES); this entry uses the local pre-OE transponent and defers cross-branch analysis.			stem	*stebnō	254
1625	ʃ t a m	*stamnăz	ʃtam	Stamm	446	German				stem	*stamnăz	254
1397	s t ɪ l ə	*stelljăną	stɪlə	stillen	382	Dutch				still	*stelljăną	255
1396	s t ɪ l	*stelljăną	stɪl	still	382	English				still	*stelljăną	255
2217	s t i l l a n	*stelljăną	stɪl	stillan	382	Old_English	OE stillan wv. 'to still, calm' matches verb form of Du. stillen, G stillen; stille is adj.			still	*stelljăną	255
1395	ʃ t ɪ l ə n	*stelljăną	ʃtɪlən	stillen	382	German				still	*stelljăną	255
449	s t ɛ l t	*steltjōn	stɛlt	stelt	123	Dutch				stilt	*steltjōn	256
448	s t ɪ l t	*steltjōn	stɪlt	stilt	123	English				stilt	*steltjōn	256
2218	* s t i l t e	*steltjōn	stɪlt	-	123	Old_English	Source: Wiktionary etymology (template:inh) | Source: Wiktionary etymology (template:inh) | Unattested OE; reconstructed *stilte.			stilt	*steltjōn	256
447	ʃ t ɛ l ts ə	*steltjōn	ʃtɛlt͡sə	Stelze	123	German				stilt	*steltjōn	256
1902	s t ɔ k	*stukkăz	stɔk	stok	521	Dutch				stock	*stukkăz	257
1901	s t ɔ k	*stukkăz	stɔk	stock	521	English				stock	*stukkăz	257
2219	s t o c c	*stukkăz	stɔk	stocc	521	Old_English	Source: Wiktionary etymology (template:inh) | Source: Wiktionary etymology (template:inh)			stock	*stukkăz	257
1900	ʃ t ɔ k	*stukkăz	ʃtɔk	Stock	521	German				stock	*stukkăz	257
1416	s t eː n	*stainăz	steːn	steen	387	Dutch				stone	*stainăz	258
1415	s t əʊ n	*stainăz	stəʊn	stone	387	English				stone	*stainăz	258
2220	s t ā n	*stainăz	stɑːn	stān	387	Old_English	Source: Wiktionary Old English Swadesh list (retrieved 2025-12-12) | Source: Wiktionary etymology (template:inh) | Source: Wiktionary etymology (template:inh)			stone	*stainăz	258
1414	ʃ t ai n	*stainăz	ʃtain	Stein	387	German				stone	*stainăz	258
1895	s t uː l	*stōlăz	stuːl	stoel	519	Dutch				stool	*stōlăz	259
1894	s t uː l	*stōlăz	stuːl	stool	519	English				stool	*stōlăz	259
2221	s t ō l	*stōlăz	stuːl	stōl	519	Old_English	Source: Wiktionary etymology (template:inh) | Source: Wiktionary etymology (template:inh)			stool	*stōlăz	259
1893	ʃ t uː l	*stōlăz	ʃtuːl	Stuhl	519	German				stool	*stōlăz	259
594	s t ɔː k	*sturkăz	stɔːk	stork	163	English				stork	*sturkăz	358
2222	s t o r c	*sturkăz	stɔːk	storc	163	Old_English	Source: Wiktionary etymology (template:inh) | Source: Wiktionary etymology (template:inh)			stork	*sturkăz	358
593	ʃ t ɔ r x	*sturkăz	ʃtɔrx	Storch	163	German				stork	*sturkăz	358
672	s t ɔ r m	*sturmăz	stɔrm	storm	184	Dutch				storm	*sturmăz	260
671	s t ɔː m	*sturmăz	stɔːm	storm	184	English				storm	*sturmăz	260
2223	s t o r m	*sturmăz	stɔːm	storm	184	Old_English	Source: Wiktionary etymology (template:der) | Source: Wiktionary etymology (template:der)			storm	*sturmăz	260
670	ʃ t ʊ r m	*sturmăz	ʃtʊrm	Sturm	184	German				storm	*sturmăz	260
1255	s t r oː	*strawą	stroː	stro	344	Dutch				straw	*strawą	261
1254	s t r ɔː	*strawą	strɔː	straw	344	English				straw	*strawą	261
2224	s t r ē a w	*strawą	strɔː	strēaw	344	Old_English	Source: Wiktionary etymology (template:inh) | Source: Wiktionary etymology (template:inh)			straw	*strawą	261
1253	ʃ t r oː	*strawą	ʃtroː	Stroh	344	German				straw	*strawą	261
1363	s t r oː m	*straumăz	stroːm	stroom	373	Dutch				stream	*straumăz	262
1362	s t r iː m	*straumăz	striːm	stream	373	English				stream	*straumăz	262
2225	s t r ē a m	*straumăz	striːm	strēam	373	Old_English	Source: Wiktionary etymology (template:inh) | Source: Wiktionary etymology (template:inh)			stream	*straumăz	262
1361	ʃ t r oː m	*straumăz	ʃtroːm	Strom	373	German				stream	*straumăz	262
733	s t r ɛ k ə	*strakkjăną	strɛkə	strekken	201	Dutch				stretch	*strakkjăną	263
732	s t r ɛ ʧ	*strakkjăną	strɛʧ	stretch	201	English				stretch	*strakkjăną	263
2226	s t r e ċ ċ a n	*strakkjăną	strɛʧ	streċċan	201	Old_English	Source: Wiktionary etymology (template:inh) | Source: Wiktionary etymology (template:inh)			stretch	*strakkjăną	263
731	ʃ t r ɛ k ə n	*strakkjăną	ʃtrɛkən	strecken	201	German				stretch	*strakkjăną	263
359	s t r oː j ə	*strawjăną	stroːjə	strooien	99	Dutch				strew	*strawjăną	264
358	s t r uː	*strawjăną	struː	strew	99	English				strew	*strawjăną	264
2227	s t r e w i a n	*strawjăną	struː	strewian	99	Old_English	Source: Wiktionary etymology (template:inh) | Source: Wiktionary etymology (template:inh)			strew	*strawjăną	264
357	ʃ t r ɔy ə n	*strawjăną	ʃtrɔyən	streuen	99	German				strew	*strawjăną	264
495	s t r ɛ ŋ	*strangiz	strɛŋ	streng	135	Dutch				string	*strangiz	265
494	s t r ɪ ŋ	*strangiz	strɪŋ	string	135	English				string	*strangiz	265
2228	s t r e n ġ	*strangiz	strɪŋ	strenġ	135	Old_English	Source: Wiktionary etymology (template:inh) | Source: Wiktionary etymology (template:inh)			string	*strangiz	265
493	ʃ t r a ŋ	*strangiz	ʃtraŋ	Strang	135	German				string	*strangiz	265
607	s t ʌ d	*stōdą	stʌd	stud	167	English				stud	*stōdą	359
2229	s t ō d	*stōdą	stʌd	stōd	167	Old_English	Source: Wiktionary etymology (template:inh) | Source: Wiktionary etymology (template:inh)			stud	*stōdą	359
606	ʃ t uː t ə	*stōdą	ʃtuːtə	Stute	167	German				stud	*stōdą	359
1872	z oː m ə r	*sumarăz	zoːmər	zomer	513	Dutch				summer	*sumarăz	266
1871	s ʌ m ə	*sumarăz	sʌmə	summer	513	English				summer	*sumarăz	266
2230	s u m e r	*sumarăz	sʌmər	sumer	513	Old_English	Source: Wiktionary etymology (template:der) | Source: Wiktionary etymology (template:der) | Note: proto corrected *sumerăz→*sumarăz (Kroonen *sumara-, R/T *sumaraz both have *a). Both sumer and sumor attested (Kroonen); sumer is the regular reflex via a-fronting (R/T §5.1.2, §6.9.6). sumor has unexplained -o- (R/T §3.1.5).			summer	*sumarăz	266
1870	z ɔ m ə r	*sumarăz	zɔmər	Sommer	513	German				summer	*sumarăz	266
1758	z ɔ n	*sunnōn	zɔn	zon	481	Dutch				sun	*sunnōn	267
1757	s ʌ n	*sunnōn	sʌn	sun	481	English				sun	*sunnōn	267
2231	s u n n e	*sunnōn	ˈsun.ne	sunne	481	Old_English	Source: Wiktionary Old English Swadesh list (retrieved 2025-12-12) | Source: Wiktionary etymology (template:inh) | Source: Wiktionary etymology (template:inh)			sun	*sunnōn	267
1756	z ɔ n ə	*sunnōn	zɔnə	Sonne	481	German				sun	*sunnōn	267
1656	ɑ f s ɔ n d ə r ə	( ɑ f ) s ɔ n d ə r ( ə - - - - - )	ɑfsɔndərə	afzonderen	454	Dutch				sunder	*sundrōjăną	268
1655	s ʌ n d ə	*sundrōjăną	sʌndə	sunder	454	English				sunder	*sundrōjăną	268
2232	s u n d o r	*sundrōjăną	sʌndə	sundor-	454	Old_English	Source: Wiktionary etymology (template:der) | Source: Wiktionary etymology (template:der)			sunder	*sundrōjăną	268
1654	z ɔ n d ə r n	*sundrōjăną	zɔndərn	sondern	454	German				sunder	*sundrōjăną	268
1367	z œy p ə	*sūpăną	zœypə	zuipen	374	Dutch				sup	*sūpăną	269
1366	s ʌ p	*sūpăną	sʌp	sup	374	English				sup	*sūpăną	269
2233	s ū p a n	*sūpăną	sʌp	sūpan	374	Old_English	Source: Wiktionary etymology (template:inh) | Source: Wiktionary etymology (template:inh)			sup	*sūpăną	269
1365	z au f ə n	*sūpăną	zaufən	saufen	374	German				sup	*sūpăną	269
1283	z ʋ aː l yː ʋ	*swalwōn	zʋaːlyːʋ	zwaluw	352	Dutch				swallow	*swalwōn	270
1282	s ʋ ɔ l əʊ	*swalwōn	sʋɔləʊ	swallow	352	English				swallow	*swalwōn	270
2234	s w e a l w e	*swalwōn	sʋɔləʊ	swealwe	352	Old_English	Kroonen *swalwōn- f. 'swallow (bird)' → OE swealwe f.; swelgan is the verb 'to swallow' | TSV fix: proto *swalgwōn → *swalwōn (Kroonen *swalwōn-, R/T *swalwa; no *g in this etymology, confused with *swelganą to swallow).			swallow	*swalwōn	270
1281	ʃ v a l b ə	*swalwōn	ʃvalbə	Schwalbe	352	German				swallow	*swalwōn	270
1630	s ʋ ɔ n	*swanăz	sʋɔn	swan	447	English				swan	*swanăz	360
2235	s w a n	*swanas	sʋɔn	swanes	447	Old_English	Source: Wiktionary etymology (template:inh) | Source: Wiktionary etymology (template:inh)	 | Note: using gen.sg. *swanas (> swanes)		swan	*swanas	360
1629	ʃ v aː n	*swanăz	ʃvaːn	Schwan	447	German				swan	*swanăz	360
679	s ʋ ɛ l	*swellăną	sʋɛl	swell	186	English				swell	*swellăną	361
2236	s w e l l a n	*swellăną	sʋɛl	swellan	186	Old_English	Source: Wiktionary etymology (template:inh) | Source: Wiktionary etymology (template:inh)			swell	*swellăną	361
678	ʃ v ɛ l ə n	*swellăną	ʃvɛlən	schwellen	186	German				swell	*swellăną	361
985	z ʋ ɛ m ə	*swimmăną	zʋɛmə	zwemmen	270	Dutch				swim	*swimmăną	271
984	s ʋ ɪ m	*swimmăną	sʋɪm	swim	270	English				swim	*swimmăną	271
2237	s w i m m a n	*swimmăną	sʋɪm	swimman	270	Old_English	Source: Wiktionary etymology (template:inh) | Source: Wiktionary etymology (template:inh)			swim	*swimmăną	271
983	ʃ v ɪ m ə n	*swimmăną	ʃvɪmən	schwimmen	270	German				swim	*swimmăną	271
1078	z ʋ ɛɪ n	*swīną	zʋɛɪn	zwijn	295	Dutch				swine	*swīną	272
1077	s ʋ aɪ n	*swīną	sʋaɪn	swine	295	English				swine	*swīną	272
2238	s w ī n	*swīną	sʋaɪn	swīn	295	Old_English	Proto: oblique *swīnăn→*swīną (n. a-stem nom.sg.; Kroonen)			swine	*swīną	272
1076	ʃ v ai n	*swīną	ʃvain	Schwein	295	German				swine	*swīną	272
209	z ʋ aː r t	*swerdą	zʋaːrt	zwaard	58	Dutch				sword	*swerdą	273
208	s ɔː d	*swerdą	sɔːd	sword	58	English				sword	*swerdą	273
2239	s w e o r d	*swerdą	sɔːd	sweord	58	Old_English	Source: Wiktionary etymology (template:inh) | Source: Wiktionary etymology (template:inh)			sword	*swerdą	273
207	ʃ v eː r t	*swerdą	ʃveːrt	Schwert	58	German				sword	*swerdą	273
330	t ɑ p	*tappô	tɑp	tap	91	Dutch				tap	*tappô	274
329	t æ p	*tappô	tæp	tap	91	English				tap	*tappô	274
2240	t æ p p a n	*tappăn	tæppan	tæppan	91	Old_English	Oblique (n-stem acc.sg.) *tappăn > tæppan: suffix *-an has front *a, no A-restoration, AFB gives æ. Nom.sg. *tappô would trigger A-restoration (*a > *a retained), but attested OE tæppa shows paradigmatic leveling from oblique. Parallel to cow (*kūi > cȳ), fire (*fūri > fȳre).			tap	*tappăn	274
328	ts a pf ə n	*tappô	t͡sap͡fən	Zapfen	91	German				tap	*tappô	274
1389	t oː m	*tauxmăz	toːm	toom	380	Dutch				team	*tauxmăz	275
1388	t iː m	*tauxmăz	tiːm	team	380	English				team	*tauxmăz	275
2241	t ē a m	*tauxmăz	tiːm	tēam	380	Old_English	Source: Wiktionary etymology (template:inh) | Source: Wiktionary etymology (template:inh)			team	*tauxmăz	275
1387	ts au m	*tauxmăz	t͡saum	Zaum	380	German				team	*tauxmăz	275
863	t iː n	*texun	tiːn	tien	237	Dutch				ten	*texun	276
862	t ɛ n	*texun	tɛn	ten	237	English				ten	*texun	276
2242	t ī e n	*texun	tɛn	tīen	237	Old_English	Source: Wiktionary etymology (template:inh) | Source: Wiktionary etymology (template:inh)			ten	*texun	276
861	ts eː n	*texun	t͡seːn	zehn	237	German				ten	*texun	276
1804	θ eɪ n	*θegnăz	θeɪn	thane	494	English				thane	*θegnăz	362
2243	þ e ġ n	*θegnăz	θeɪn	þeġn	494	Old_English	Source: Wiktionary etymology (template:inh) | Source: Wiktionary etymology (template:inh) | TSV fix: target þæġn → þeġn (R/T reconstruct *þegnaz with *e and give OE þegn, matching pipeline output).			thane	*θegnăz	362
1803	d eː ɡ ə n	*θegnăz	deːɡən	Degen	494	German				thane	*θegnăz	362
1198	d ɑ ŋ k	*θankăz	dɑŋk	dank	328	Dutch	!			thanks	*θankăz	277
1197	θ æ ŋ k s	*θankăz	θæŋks	thanks	328	English	!			thanks	*θankăz	277
2244	þ a n c	*θankăz	θæŋks	þanc	328	Old_English	TSV: þancas (nom.pl.) → þanc (nom.sg.); *θankăz is masc. a-stem nom.sg.			thanks	*θankăz	277
1196	d a ŋ k	*θankăz	daŋk	Dank	328	German				thanks	*θankăz	277
952	d ɑ k	*θaką	dɑk	dak	261	Dutch				thatch	*θaką	278
951	θ æ ʧ	*θaką	θæʧ	thatch	261	English				thatch	*θaką	278
2245	þ æ c	*θaką	θæʧ	þæc	261	Old_English	Source: Wiktionary etymology (template:inh) | Source: Wiktionary etymology (template:inh)			thatch	*θaką	278
950	d a x	*θaką	dax	Dach	261	German				thatch	*θaką	278
652	d iː f	*θeubăz	diːf	dief	179	Dutch				thief	*θeubăz	279
651	θ iː f	*θeubăz	θiːf	thief	179	English				thief	*θeubăz	279
2246	þ ē o f	*θeubăz	θiːf	þēof	179	Old_English	Source: Wiktionary etymology (template:inh) | Source: Wiktionary etymology (template:inh)			thief	*θeubăz	279
650	d iː p	*θeubăz	diːp	Dieb	179	German				thief	*θeubăz	279
715	d ɪ ŋ	*þingą	dɪŋ	ding	196	Dutch				thing	*þingą	280
714	θ ɪ ŋ	*þingą	θɪŋ	thing	196	English				thing	*þingą	280
2247	þ i n g	*þingą	θɪŋ	þing	196	Old_English	Source: Wiktionary etymology (template:inh) | Source: Wiktionary etymology (template:inh)			thing	*þingą	280
713	d ɪ ŋ	*þingą	dɪŋ	Ding	196	German				thing	*þingą	280
355	d ɛ ŋ k ə	*θankjăną	dɛŋkə	denken	98	Dutch	Proto: *θankăz → *θankjăną (weak verb, Kroonen *þankjan- 'to think')			think	*θankjăną	281
354	θ ɪ ŋ k	*θankjăną	θɪŋk	think	98	English	Proto: *θankăz → *θankjăną (weak verb, Kroonen *þankjan- 'to think')			think	*θankjăną	281
2248	þ e n ċ a n	*θankjăną	θɪŋk	þenċan	98	Old_English	Proto: *θankăz → *θankjăną (Kroonen *þankjan- 'to think'); OE þenċan (wk.v.)			think	*θankjăną	281
353	d ɛ ŋ k ə n	*θankjăną	dɛŋkən	denken	98	German	Proto: *θankăz → *θankjăną (weak verb, Kroonen *þankjan- 'to think')			think	*θankjăną	281
67	d ɔ r s t	*θurstuz	dɔrst	dorst	19	Dutch				thirst	*θurstuz	282
66	θ ɜː s t	*θurstuz	θɜːst	thirst	19	English				thirst	*θurstuz	282
2249	þ u r s t	*θurstuz	θɜːst	þurst	19	Old_English	Source: Wiktionary etymology (template:inh) | Source: Wiktionary etymology (template:inh)			thirst	*θurstuz	282
65	d ʊ r s t	*θurstuz	dʊrst	Durst	19	German				thirst	*θurstuz	282
1716	d ɪ s t ə l	*θestilăz	dɪstəl	distel	470	Dutch				thistle	*θestilăz	283
1715	θ ɪ s ə l	*θestilăz	θɪsḷ	thistle	470	English				thistle	*θestilăz	283
2250	þ i s t e l	*θestilăz	θɪsḷ	þistel	470	Old_English	Source: Wiktionary etymology (template:inh) | Source: Wiktionary etymology (template:inh)			thistle	*θestilăz	283
1714	d ɪ s t ə l	*θestilăz	dɪstəl	Distel	470	German				thistle	*θestilăz	283
1660	d oː r n	*θurnăz	doːrn	doorn	455	Dutch	Adopt *θurnăz (m. a-stem; Kroonen *þurna-). A u-stem reformation *θurnuz is reflected in Gothic þaurnus (u-stem), and Old Norse also shows an ija-stem variant þyrnir 'thorn' (alongside þorn).			thorn	*θurnăz	284
1659	θ ɔː n	*θurnăz	θɔːn	thorn	455	English	Adopt *θurnăz (m. a-stem; Kroonen *þurna-). A u-stem reformation *θurnuz is reflected in Gothic þaurnus (u-stem), and Old Norse also shows an ija-stem variant þyrnir 'thorn' (alongside þorn).			thorn	*θurnăz	284
2251	þ o r n	*θurnăz	θɔːn	þorn	455	Old_English	Adopt *θurnăz (m. a-stem; Kroonen *þurna-). A u-stem reformation *θurnuz is reflected in Gothic þaurnus (u-stem), and Old Norse also shows an ija-stem variant þyrnir 'thorn' (alongside þorn).			thorn	*θurnăz	284
1658	d ɔ r n	*θurnăz	dɔrn	Dorn	455	German	Adopt *θurnăz (m. a-stem; Kroonen *þurna-). A u-stem reformation *θurnuz is reflected in Gothic þaurnus (u-stem), and Old Norse also shows an ija-stem variant þyrnir 'thorn' (alongside þorn).			thorn	*θurnăz	284
427	d œy z ə n t	*θūs-undī	dœyzənt	duizend	117	Dutch				thousand	*θūs-undī	285
426	θ aʊ z ə n d	*θūs-undī	θaʊzṇd	thousand	117	English				thousand	*θūs-undī	285
2252	þ ū s e n d	*θūs-undī	θaʊzṇd	þūsend	117	Old_English	Kroonen *þūsundī- f. 'thousand' → OE þūsend; sendan 'to send' is wrong lexeme			thousand	*θūs-undī	285
425	t au z ə n d	*θūs-undī	tauzənt	tausend	117	German				thousand	*θūs-undī	285
1351	d ɔ r s ə	*θreskăną	dɔrsə	dorsen	370	Dutch				thrash	*θreskăną	286
1350	θ r æ ʃ	*θreskăną	θræʃ	thrash	370	English				thrash	*θreskăną	286
2253	þ r e s c a n	*θreskăną	θræʃ	þresċan	370	Old_English	Source: Wiktionary etymology (template:inh) | Source: Wiktionary etymology (template:inh)			thrash	*θreskăną	286
1349	d r ɛ ʃ ə n	*θreskăną	drɛʃən	dreschen	370	German				thrash	*θreskăną	286
228	d r iː	*θrejez	driː	drie	63	Dutch				three	*θrejez	287
227	θ r iː	*θrejez	θriː	three	63	English				three	*θrejez	287
2254	þ r ī	*θrejez	θriː	þrī	63	Old_English	Source: Wiktionary Old English Swadesh list (retrieved 2025-12-12) | Source: Wiktionary etymology (template:inh) | Source: Wiktionary etymology (template:inh)			three	*θrejez	287
226	d r ai	*θrejez	drai	drei	63	German				three	*θrejez	287
550	d ɔ n d ə r	*θunrăz	dɔndər	donder	150	Dutch				thunder	*θunrăz	288
549	θ ʌ n d ə	*θunrăz	θʌndə	thunder	150	English				thunder	*θunrăz	288
2255	þ u n o r	*θunrăz	θʌndə	þunor	150	Old_English	Source: Wiktionary etymology (template:inh) | Source: Wiktionary etymology (template:inh)			thunder	*θunrăz	288
548	d ɔ n ə r	*θunrăz	dɔnər	Donner	150	German				thunder	*θunrăz	288
981	t eː k	*tikkô	teːk	teek	269	Dutch				tick	*tikkô	289
980	t ɪ k	*tikkô	tɪk	tick	269	English				tick	*tikkô	289
2256	t i c i a	*tikkô	tɪk	ticia	269	Old_English	Source: Wiktionary etymology (template:inh) | Source: Wiktionary etymology (template:inh)			tick	*tikkô	289
979	ts ɛ k ə	*tikkô	t͡sɛkə	Zecke	269	German				tick	*tikkô	289
960	t ɛɪ t	*tīdiz	tɛɪt	tijd	263	Dutch				tide	*tīdiz	290
959	t aɪ d	*tīdiz	taɪd	tide	263	English				tide	*tīdiz	290
2257	t ī d	*tīdiz	taɪd	tīd	263	Old_English	Kroonen *tīdiz f. i-stem 'time, hour' → OE tīd f.; tīdan is the verb 'to happen'			tide	*tīdiz	290
958	ts ai t	*tīdiz	t͡sait	Zeit	263	German				tide	*tīdiz	290
814	t ɪ m b ə	*timrą	tɪmbə	timber	223	English				timber	*timrą	363
2258	t i m b e r	*timbrą	tɪmbə	timber	223	Old_English	Source: Wiktionary etymology (template:der) | Source: Wiktionary etymology (template:der) | TSV fix: proto *timrą → *timbrą (Kroonen *timbra- with *b; OE timber).			timber	*timbrą	363
813	ts ɪ m ə r	*timrą	t͡sɪmər	Zimmer	223	German				timber	*timrą	363
1723	t eː n	*taixōn	teːn	teen	472	Dutch	TSV fix: proto *taixwō → *taixōn (R/T PNWGmc *taihōn-; -w- from PIE labiovelar already lost in NWGmc)			toe	*taixōn	291
1722	t əʊ	*taixōn	təʊ	toe	472	English	TSV fix: proto *taixwō → *taixōn (R/T PNWGmc *taihōn-)			toe	*taixōn	291
2259	t ā	*taixōn	taː	tā	472	Old_English	TSV fix: proto *taixwō → *taixōn (R/T §6.6 line 18000: PNWGmc *taihōn- > PWGmc *taihā > OE tāhe > tā by intervocalic h-loss + contraction). See docs/analysis/four_complex_tsv_items.md			toe	*taixōn	291
1721	ts eː ə	*taixōn	t͡seːə	Zehe	472	German	TSV fix: proto *taixwō → *taixōn (R/T PNWGmc *taihōn-)			toe	*taixōn	291
1592	t eː k ə	*taikną	teːkə	teken	436	Dutch				token	*taikną	292
1591	t əʊ k ə n	*taikną	təʊkən	token	436	English				token	*taikną	292
2260	t ā c n	*taikną	təʊkən	tācn	436	Old_English	Proto: oblique *taiknăn→*taikną (n. a-stem nom.sg.; Kroonen)			token	*taikną	292
1590	ts ai x ə n	*taikną	t͡saixən	Zeichen	436	German				token	*taikną	292
1205	t ɑ ŋ	*tangō	tɑŋ	tang	330	Dutch				tongs	*tangō	293
1204	t ɔ ŋ z	*tangō	tɔŋz	tongs	330	English				tongs	*tangō	293
2261	t a n g e	*tangō	tɔŋz	tange	330	Old_English	Source: Wiktionary etymology (Wiktionary etymology (tong entry: {{inh|en|ang|tange}}))			tongs	*tangō	293
1203	ts a ŋ ə	*tangō	t͡saŋə	Zange	330	German				tongs	*tangō	293
1676	t ɔ ŋ	*tungōn	tɔŋ	tong	459	Dutch				tongue	*tungōn	294
1675	t ʌ ŋ	*tungōn	tʌŋ	tongue	459	English				tongue	*tungōn	294
2262	t u n g e	*tungōn	ˈtuŋɡe	tunge	459	Old_English	Source: Wiktionary Old English Swadesh list (retrieved 2025-12-12) | Source: Wiktionary etymology (template:inh) | Source: Wiktionary etymology (template:inh)			tongue	*tungōn	294
1674	ts ʊ ŋ ə	*tungōn	t͡sʊŋə	Zunge	459	German				tongue	*tungōn	294
1742	t œy n	*tūną	tœyn	tuin	477	Dutch				town	*tūną	295
1741	t aʊ n	*tūną	taʊn	town	477	English				town	*tūną	295
2263	t ū n	*tūną	taʊn	tūn	477	Old_English	Proto: oblique *tūnăn→*tūną (n. a-stem nom.sg.; Kroonen)			town	*tūną	295
1740	ts au n	*tūną	t͡saun	Zaun	477	German				town	*tūną	295
1684	t r eː d ə	*tredăną	treːdə	treden	461	Dutch				tread	*tredăną	296
1683	t r ɛ d	*tredăną	trɛd	tread	461	English				tread	*tredăną	296
2264	t r e d a n	*tredăną	trɛd	tredan	461	Old_English	Source: Wiktionary etymology (template:inh) | Source: Wiktionary etymology (template:inh)			tread	*tredăną	296
1682	t r eː t ə n	*tredăną	treːtən	treten	461	German				tread	*tredăną	296
1218	t r ɔ f	*trugą	trɔf	trough	334	English				trough	*trugą	364
2265	t r o h	*trugą	trɔf	troh	334	Old_English	Source: Wiktionary etymology (template:inh) | Source: Wiktionary etymology (template:inh)			trough	*trugą	364
1217	t r oː k	*trugą	troːk	Trog	334	German				trough	*trugą	364
656	ʋ aː d ə	*wadăną	ʋaːdə	waden	180	Dutch				wade	*wadăną	297
655	ʋ eɪ d	*wadăną	ʋeɪd	wade	180	English				wade	*wadăną	297
2266	w a d a n	*wadaną	ʋeɪd	wadan	180	Old_English	Source: Wiktionary etymology (template:inh) | Source: Wiktionary etymology (template:inh) | Proto encoding: -aną (full vowel) for A-restoration; R/T §6.3.1			wade	*wadaną	297
654	v aː t ə n	*wadăną	vaːtən	waten	180	German				wade	*wadăną	297
637	ʋ aː ɣ ə	*wagnăz	ʋaːɣə	wagen	175	Dutch				wain	*wagnăz	298
636	ʋ eɪ n	*wagnăz	ʋeɪn	wain	175	English				wain	*wagnăz	298
2267	w æ ġ n	*wagnăz	ʋeɪn	wæġn	175	Old_English	Source: Wiktionary etymology (template:inh) | Source: Wiktionary etymology (template:inh)			wain	*wagnăz	298
635	v aː ɡ ə n	*wagnăz	vaːɡən	Wagen	175	German				wain	*wagnăz	298
1041	ʋ aː k ə	*wakēną	ʋaːkə	waken	285	Dutch				wake	*wakēną	299
1040	ʋ eɪ k	*wakēną	ʋeɪk	wake	285	English				wake	*wakēną	299
2268	w a c a n	*wakaną	ʋeɪk	wacan	285	Old_English	OE wacan is the strong verb (Class VI) 'to wake up' < PGmc *wakaną, not the weak Class III *wakēną 'to be awake' (→ OE wacian). The cognate set GLOSSID 299 conflates both; German wachen continues the weak verb. | Source: Wiktionary etymology (template:inh)			wake	*wakaną	299
1039	v a x ə n	*wakēną	vaxən	wachen	285	German				wake	*wakēną	299
1769	ʋ ɛ r f	*warpą	ʋɛrf	werf	484	Dutch				warp	*warpą	300
1562	ʋ ɛ r p ə	*werpăną	ʋɛrpə	werpen	428	Dutch				warp	*werpăną	300
1768	ʋ ɔː p	*warpą	ʋɔːp	warp	484	English				warp	*warpą	300
2269	w e a r p	*warpą	ʋɔːp	wearp	484	Old_English	Source: Wiktionary etymology (template:inh) | Source: Wiktionary etymology (template:inh)			warp	*warpą	300
1561	ʋ ɔː p	*werpăną	ʋɔːp	warp	428	English				warp	*werpăną	300
2270	w e o r p a n	*werpăną	ʋɔːp	weorpan	428	Old_English	OE target: wearp→weorpan (inf. of str.v. class III; noun/past 'wearp' in *warpą row)			warp	*werpăną	300
1767	v ɛ r f t	*warpą	vɛrft	Werft	484	German				warp	*warpą	300
1560	v ɛ r f ə n	*werpăną	vɛrfən	werfen	428	German				warp	*werpăną	300
1173	ʋ r ɑ t	*wartōn	ʋrɑt	wrat	321	Dutch				wart	*wartōn	301
1172	ʋ ɔː t	*wartōn	ʋɔːt	wart	321	English				wart	*wartōn	301
2271	w e a r t e	*wartōn	ʋɔːt	wearte	321	Old_English	Source: Wiktionary etymology (template:inh) | Source: Wiktionary etymology (template:inh)			wart	*wartōn	301
1171	v a r ts ə	*wartōn	vart͡sə	Warze	321	German				wart	*wartōn	301
1001	ʋ ɑ s ə	*waskăną	ʋɑsə	wassen	274	Dutch				wash	*waskăną	302
1000	ʋ ɔ ʃ	*waskăną	ʋɔʃ	wash	274	English				wash	*waskăną	302
2272	w a s c a n	*waskaną	ʋɔʃ	wascan	274	Old_English	Source: Wiktionary etymology (template:inh) | Proto encoding: -aną (full vowel) for A-restoration; R/T §6.3.1 | Medial sc before back vowel: not palatalized in early OE (Campbell §440); wascan [sk] is the conservative form.			wash	*waskaną	302
999	v a ʃ ə n	*waskăną	vaʃən	waschen	274	German				wash	*waskăną	302
1279	ʋ ɛ s p	*wabsăz	ʋɛsp	wesp	351	Dutch				wasp	*wabsăz	303
1278	ʋ ɔ s p	*wabsăz	ʋɔsp	wasp	351	English				wasp	*wabsăz	303
2273	w æ s p	*wabsăz	ʋɔsp	wæsp	351	Old_English	Source: Wiktionary etymology (template:inh) | Source: Wiktionary etymology (template:inh)			wasp	*wabsăz	303
1277	v ɛ s p ə	*wabsăz	vɛspə	Wespe	351	German				wasp	*wabsăz	303
1132	ʋ aː t ə r	*watną	ʋaːtər	water	310	Dutch				water	*watną	304
1131	ʋ ɔː t ə	*watną	ʋɔːtə	water	310	English				water	*watną	304
2274	w æ t e r	*watōr	ˈwæter	wæter	310	Old_English	Source: Wiktionary Old English Swadesh list (retrieved 2025-12-12) | Source: Wiktionary etymology (template:inh) | Source: Wiktionary etymology (template:inh) | TSV fix: proto *watną → *watōr (Kroonen *watar-/*watan- r/n-stem, nom.sg. *watōr; R/T §3.1.4 *ō→*a before final *r in PWGmc).			water	*watōr	304
1130	v a s ə r	*watną	vasər	Wasser	310	German				water	*watną	304
849	ʋ ɑ s	*waxsą	ʋɑs	was	233	Dutch				wax	*waxsą	305
696	ʋ ɑ s ə	*waxsăną	ʋɑsə	wassen	191	Dutch				wax	*waxsăną	305
848	ʋ æ k s	*waxsą	ʋæks	wax	233	English				wax	*waxsą	305
2275	w e a x	*waxsą	ʋæks	weax	233	Old_English	Source: Wiktionary etymology (template:inh) | Source: Wiktionary etymology (template:inh)			wax	*waxsą	305
695	ʋ æ k s	*waxsăną	ʋæks	wax	191	English				wax	*waxsăną	305
2276	w e a x a n	*waxsăną	ʋæks	weaxan	191	Old_English	OE target: weax→weaxan (inf. of str.v. class VI; noun 'weax' in *waxsą row)			wax	*waxsăną	305
847	v a k s	*waxsą	vaks	Wachs	233	German				wax	*waxsą	305
694	v a k s ə n	*waxsăną	vaksən	wachsen	191	German				wax	*waxsăną	305
1883	ʋ ɛ x	*wegăz	ʋɛx	weg	516	Dutch				way	*wegăz	306
1882	ʋ eɪ	*wegăz	ʋeɪ	way	516	English				way	*wegăz	306
2277	w e ġ	*wegăz	weː	weġ	516	Old_English	Kroonen *wega- m. 'way, road' → OE weġ m.; wē is not attested as OE 'way'			way	*wegăz	306
1881	v eː k	*wegăz	veːk	Weg	516	German				way	*wegăz	306
676	ʋ aː p ə	*wēpną	ʋaːpə	wapen	185	Dutch				weapon	*wēpną	307
675	ʋ ɛ p ə n	*wēpną	ʋɛpən	weapon	185	English				weapon	*wēpną	307
2278	w ǣ p n	*wēpną	ʋɛpən	wǣpn	185	Old_English	Proto: oblique *wēpnăn→*wēpną (n. a-stem nom.sg.; Kroonen)			weapon	*wēpną	307
674	v a f ə	*wēpną	vafə	Waffe	185	German				weapon	*wēpną	307
1494	ʋ eː z ə l	*weslon	ʋeːzəl	wezel	409	Dutch				weasel	*weslon	308
1493	ʋ iː z ə l	*weslon	ʋiːzḷ	weasel	409	English				weasel	*weslon	308
2279	w e o s u l e	*weslon	ʋiːzḷ	weosule	409	Old_English	Source: Wiktionary etymology (template:inh) | Source: Wiktionary etymology (template:inh)			weasel	*weslon	308
1492	v iː z ə l	*weslon	viːzəl	Wiesel	409	German				weasel	*weslon	308
660	ʋ eː d ə r	*wedrą	ʋeːdər	weder	181	Dutch				weather	*wedrą	309
659	ʋ ɛ ð ə	*wedrą	ʋɛðə	weather	181	English				weather	*wedrą	309
2280	w e d e r	*wedrą	ʋɛðə	weder	181	Old_English	Source: Wiktionary etymology (template:inh) | Source: Wiktionary etymology (template:inh)			weather	*wedrą	309
658	v ɛ t ə r	*wedrą	vɛtər	Wetter	181	German				weather	*wedrą	309
1932	ʋ eː v ə	*webăną	ʋeːvə	weven	530	Dutch				weave	*webăną	310
1931	ʋ iː v	*webăną	ʋiːv	weave	530	English				weave	*webăną	310
2281	w e f a n	*webăną	ʋiːv	wefan	530	Old_English	Source: Wiktionary etymology (template:inh) | Source: Wiktionary etymology (template:inh)			weave	*webăną	310
1930	v eː b ə n	*webăną	veːbən	weben	530	German				weave	*webăną	310
1321	ʋ ɛ s t ə	*westănē	ʋɛstə	westen	362	Dutch				west	*westănē	311
1320	ʋ ɛ s t	*westănē	ʋɛst	west	362	English				west	*westănē	311
2282	w e s t	*westănē	ʋɛst	west	362	Old_English	Source: Wiktionary etymology (template:inh) | Source: Wiktionary etymology (template:inh)			west	*westănē	311
1319	v ɛ s t ə n	*westănē	vɛstən	Westen	362	German				west	*westănē	311
1121	ʋ eː d ə r	*wiθră	ʋeːdər	weder	307	Dutch				wether	*wiθră	312
1120	ʋ ɛ ð ə	*wiθră	ʋɛðə	wether	307	English				wether	*wiθră	312
2283	w e þ e r	*wiθră	ʋɛðə	weþer	307	Old_English	Source: Wiktionary etymology (template:inh) | Source: Wiktionary etymology (template:inh)			wether	*wiθră	312
1119	v ɪ d ə r	*wiθră	vɪdər	Widder	307	German				wether	*wiθră	312
413	ʋ ɑ l	*walăz	ʋɑl	wal	113	Dutch				whale	*walăz	313
412	ʋ eɪ l	*walăz	ʋeɪl	whale	113	English				whale	*walăz	313
2284	h w æ l	*xwalăz	ʋeɪl	hwæl	113	Old_English	Source: Wiktionary etymology (template:inh) | Source: Wiktionary etymology (template:inh) | TSV fix: proto *walăz → *xwalăz (Kroonen *hwalaz with initial *hw-; OE hwæl).			whale	*xwalăz	313
411	v aː l	*walăz	vaːl	Wal	113	German				whale	*walăz	313
1787	ʋ ɛɪ l	*xwīlō	ʋɛɪl	wijl	489	Dutch				while	*xwīlō	314
1786	ʋ aɪ l	*xwīlō	ʋaɪl	while	489	English				while	*xwīlō	314
2285	h w ī l	*xwīlō	ʋaɪl	hwīl	489	Old_English	Source: Wiktionary etymology (template:inh) | Source: Wiktionary etymology (template:inh)			while	*xwīlō	314
1785	v ai l ə	*xwīlō	vailə	Weile	489	German				while	*xwīlō	314
689	ʋ aɪ n	*wainōjăną	ʋaɪn	whine	189	English				whine	*wainōjăną	365
2286	h w ī n a n	*hwīnăną	ʋaɪn	hwīnan	189	Old_English	Proto corrected: OE hwīnan (str. I) 'to whine, hiss' < PGmc *hwīnăną (Kroonen 2013 s.v. *hwīnan-, PIE *ḱwey- 'to hiss, whistle'). Not cognate with German weinen < PGmc *wainōjan- (→ OE wānian 'to lament'); cognate linkage is spurious.			whine	*hwīnăną	365
688	v ai n ə n	*wainōjăną	vainən	weinen	189	German				whine	*wainōjăną	365
1236	h uː r	*xōrōn	huːr	hoer	339	Dutch				whore	*xōrōn	315
1235	h ɔː	*xōrōn	hɔː	whore	339	English				whore	*xōrōn	315
2287	h ō r e	*xōrōn	hɔː	hōre	339	Old_English	Source: Wiktionary etymology (template:inh) | Source: Wiktionary etymology (template:inh)			whore	*xōrōn	315
1234	h uː r ə	*xōrōn	huːrə	Hure	339	German				whore	*xōrōn	315
197	ʋ eː d yː ʋ ə	*widuwōn	ʋeːdyːʋə	weduwe	55	Dutch				widow	*widuwōn	316
196	ʋ ɪ d əʊ	*widuwōn	ʋɪdəʊ	widow	55	English				widow	*widuwōn	316
2288	w i d u w e	*widuwōn	ʋɪdəʊ	widuwe	55	Old_English	Source: Wiktionary etymology (template:inh) | Source: Wiktionary etymology (template:inh)			widow	*widuwōn	316
195	v ɪ t v ə	*widuwōn	vɪtvə	Witwe	55	German				widow	*widuwōn	316
1265	ʋ iː l d	*waldăną	ʋiːld	wield	347	English				wield	*waldăną	366
2289	w e a l d a n	*waldăną	ʋiːld	wealdan	347	Old_English	Source: Wiktionary etymology (template:inh) | Source: Wiktionary etymology (template:inh)			wield	*waldăną	366
1264	v a l t ə n	*waldăną	valtən	walten	347	German				wield	*waldăną	366
4	ʋ ɛɪ f	*wībą	ʋɛɪf	wijf	538	Dutch				wife	*wībą	317
3	ʋ aɪ f	*wībą	ʋaɪf	wife	538	English				wife	*wībą	317
2290	w ī f	*wībą	wiːf	wīf	538	Old_English	Source: Wiktionary Old English Swadesh list (retrieved 2025-12-12) | Source: Wiktionary etymology (template:inh) | Source: Wiktionary etymology (template:inh)			wife	*wībą	317
2	v ai p	*wībą	vaip	Weib	538	German				wife	*wībą	317
1106	ʋ aɪ t	*wextiz	ʋaɪt	wight	303	English				wight	*wextiz	367
2291	w i h t	*wextiz	ʋaɪt	wiht	303	Old_English	Source: Wiktionary etymology (template:inh) | Source: Wiktionary etymology (template:inh)			wight	*wextiz	367
1105	v ɪ x t	*wextiz	vɪxt	Wicht	303	German				wight	*wextiz	367
1664	ʋ ɪ l ə	*weljaną	ʋɪlə	willen	456	Dutch				will	*weljaną	318
217	ʋ ɪ l	*weljô	ʋɪl	wil	60	Dutch				will	*weljô	318
1663	ʋ ɪ l	*weljaną	ʋɪl	will	456	English				will	*weljaną	318
2292	w i l l a n	*weljaną	ʋɪl	willan	456	Old_English	Source: Wiktionary etymology (template:inh) | Source: Wiktionary etymology (template:inh)			will	*weljaną	318
216	ʋ ɪ l	*weljô	ʋɪl	will	60	English				will	*weljô	318
2293	w i l l a	*weljô	ʋɪl	willa	60	Old_English	Kroonen *weljan- 2 m. 'will, wish' → OE willa m.; cf. G Wille, Du. wil (noun); willan is the verb 'to want' (belongs with *waljăną)			will	*weljô	318
1662	v ɔ l ə n	*weljaną	vɔlən	wollen	456	German				will	*weljaną	318
215	v ɪ l ə	*weljô	vɪlə	Wille	60	German				will	*weljô	318
900	ʋ ɪ n d ə	*windăną	ʋɪndə	winden	247	Dutch				wind	*windăną	319
899	ʋ ɪ n d	*windăną	ʋɪnd	wind	247	English				wind	*windăną	319
2294	w i n d a n	*windăną	wind	windan	247	Old_English	OE target: wind→windan (inf. of str.v. class III 'to wind, turn')			wind	*windăną	319
898	v ɪ n d ə n	*windăną	vɪndən	winden	247	German				wind	*windăną	319
277	ʋ ɪ n t ə r	*wintruz	ʋɪntər	winter	76	Dutch				winter	*wintruz	320
276	ʋ ɪ n t ə	*wintruz	ʋɪntə	winter	76	English				winter	*wintruz	320
2295	w i n t e r	*wintruz	ʋɪntə	winter	76	Old_English	Source: Wiktionary etymology (template:inh) | Source: Wiktionary etymology (template:inh)			winter	*wintruz	320
275	v ɪ n t ə r	*wintruz	vɪntər	Winter	76	German				winter	*wintruz	320
1272	ʋ ɛɪ d ə	*waiθiz	ʋɛɪdə	weide	349	Dutch				withy	*waiθiz	321
1271	ʋ ɪ ð ɪ	*waiθiz	ʋɪðɪ	withy	349	English				withy	*waiθiz	321
2296	w ī þ i ġ	*wīθijăz	ʋɪðɪ	wīþiġ	349	Old_English	Wiktionary: PGmc *wīþijaz > OE wīþiġ; *waiþiz is wrong lexeme (catch/hunt)			withy	*wīθijăz	321
1270	v ai d ə	*waiθiz	vaidə	Weide	349	German				withy	*waiθiz	321
704	ʋ ɑu t	*walθuz	ʋɑut	woud	193	Dutch				wold	*walθuz	322
703	ʋ əʊ l d	*walθuz	ʋəʊld	wold	193	English				wold	*walθuz	322
2297	w ea l d	*walθuz	ʋəʊld	weald	193	Old_English	Kroonen p.572 *walþu- > OE weald; wald is Anglian (R/T p.313 WS wealdan vs Merc. waldan)			wold	*walθuz	322
702	v a l t	*walθuz	valt	Wald	193	German				wold	*walθuz	322
1527	ʋ ɔ l f	*wulfăz	ʋɔlf	wolf	418	Dutch				wolf	*wulfăz	323
1526	ʋ ʊ l f	*wulfăz	ʋʊlf	wolf	418	English				wolf	*wulfăz	323
2298	w u l f	*wulfăz	ʋʊlf	wulf	418	Old_English	R/T §2.3.1 p.33: *wulfaz > OE wulf; u retained near labial w/f (exception to u-lowering, cf. Luick 1914-40: 105-6)			wolf	*wulfăz	323
1525	v ɔ l f	*wulfăz	vɔlf	Wolf	418	German				wolf	*wulfăz	323
1051	ʋ ɔ n d ə r	*wundrą	ʋɔndər	wonder	288	Dutch	MT			wonder	*wundrą	324
1050	ʋ ʌ n d ə	*wundrą	ʋʌndə	wonder	288	English	MT			wonder	*wundrą	324
2299	w u n d o r	*wundrą	ʋʌndə	wundor	288	Old_English	MT | TODO: replace with attested Old English form | Source: Wiktionary etymology (template:inh) | Source: Wiktionary etymology (template:inh)			wonder	*wundrą	324
1049	v ʊ n d ə r	*wundrą	vʊndər	Wunder	288	German	MT			wonder	*wundrą	324
1486	ʋ ɔ l	*wullo	ʋɔl	wol	407	Dutch				wool	*wullo	325
1485	ʋ ʊ l	*wullo	ʋʊl	wool	407	English				wool	*wullo	325
2300	w u l l	*wullo	ʋʊl	wull	407	Old_English	Source: Wiktionary etymology (template:inh) | Source: Wiktionary etymology (template:inh)			wool	*wullo	325
1484	v ɔ l ə	*wullo	vɔlə	Wolle	407	German				wool	*wullo	325
235	ʋ oː r t	*wurdą	ʋoːrt	woord	65	Dutch				word	*wurdą	326
234	ʋ ɜː d	*wurdą	ʋɜːd	word	65	English				word	*wurdą	326
2301	w o r d	*wurdą	ʋɜːd	word	65	Old_English	Source: Wiktionary etymology (template:inh) | Source: Wiktionary etymology (template:inh)			word	*wurdą	326
233	v ɔ r t	*wurdą	vɔrt	Wort	65	German				word	*wurdą	326
1558	ʋ eː r ə l t	*wira-aldiz	ʋeːrəlt	wereld	427	Dutch				world	*wira-aldiz	327
1557	ʋ ɜː l d	*wira-aldiz	ʋɜːld	world	427	English				world	*wira-aldiz	327
2302	w e o r o l d	*wira-aldiz	ʋɜːld	weorold	427	Old_English	Source: Wiktionary etymology (template:inh) | Source: Wiktionary etymology (template:inh)			world	*wira-aldiz	327
1556	v ɛ l t	*wira-aldiz	vɛlt	Welt	427	German				world	*wira-aldiz	327
1128	ʋ ɔ r m	*wurmaz/wurmiz	ʋɔrm	worm	309	Dutch				worm	*wurmaz/wurmiz	328
1127	ʋ ɜː m	*wurmaz/wurmiz	ʋɜːm	worm	309	English				worm	*wurmaz/wurmiz	328
2303	w y r m	*wurmaz/wurmiz	wyrˠm	wyrm	309	Old_English	Source: Wiktionary Old English Swadesh list (retrieved 2025-12-12) | Source: Wiktionary etymology (template:inh) | Source: Wiktionary etymology (template:inh)			worm	*wurmaz/wurmiz	328
1126	v ʊ r m	*wurmaz/wurmiz	vʊrm	Wurm	309	German				worm	*wurmaz/wurmiz	328
997	ʋ r ɪ ŋ ə	*wringăną	ʋrɪŋə	wringen	273	Dutch				wring	*wringăną	329
996	r ɪ ŋ	*wringăną	rɪŋ	wring	273	English				wring	*wringăną	329
2304	w r i n g a n	*wringăną	rɪŋ	wringan	273	Old_English	Source: Wiktionary etymology (template:der) | Source: Wiktionary etymology (template:der)			wring	*wringăną	329
995	r ɪ ŋ ə n	*wringăną	rɪŋən	ringen	273	German				wring	*wringăną	329
564	x aː r ə	*garną	xaːrə	garen	154	Dutch				yarn	*garną	330
563	j ɑː n	*garną	jɑːn	yarn	154	English				yarn	*garną	330
2305	ġ e a r n	*garną	jɑːn	ġearn	154	Old_English	Proto: oblique *garnăn→*garną (n. a-stem nom.sg.; Kroonen)			yarn	*garną	330
562	ɡ a r n	*garną	ɡarn	Garn	154	German				yarn	*garną	330
1022	j aː r	*jērą	jaːr	jaar	280	Dutch				year	*jērą	331
1021	j ɪə	*jērą	jɪə	year	280	English				year	*jērą	331
2306	ġ ē a r	*jērą	jæːɑ̯r	ġēar	280	Old_English	Source: Wiktionary Old English Swadesh list (retrieved 2025-12-12) | Source: Wiktionary etymology (template:inh) | Source: Wiktionary etymology (template:inh)			year	*jērą	331
1020	j aː r	*jērą	jaːr	Jahr	280	German				year	*jērą	331
831	j ʉ k	*juką	jʉk	juk	228	Dutch				yoke	*juką	332
830	j əʊ k	*juką	jəʊk	yoke	228	English				yoke	*juką	332
2307	ġ e o c	*juką	jəʊk	ġeoc	228	Old_English	Source: Wiktionary etymology (template:inh) | Source: Wiktionary etymology (template:inh)			yoke	*juką	332
829	j ɔ x	*juką	jɔx	Joch	228	German				yoke	*juką	332
870	j øː x t	*jugunθiz	jøːxt	jeugd	239	Dutch				youth	*jugunθiz	333
869	j uː θ	*jugunθiz	juːθ	youth	239	English				youth	*jugunθiz	333
2308	ġ e o g u þ	*jugunθiz	juːθ	ġeoguþ	239	Old_English	Source: Wiktionary etymology (template:inh) | Source: Wiktionary etymology (template:inh)			youth	*jugunθiz	333
868	j uː ɡ ə n t	*jugunθiz	juːɡənt	Jugend	239	German				youth	*jugunθiz	333
2309	m a c a	*makô	maka	maca	539	Old_English	Class II weak iptv. 2sg test (R/T §5.2). Trimoric *ō → OE -a.			make (iptv.2sg)	*makô	368
2310	m a c e þ	*makōθi	makeθ	maceþ	540	Old_English	Class II weak 3sg pres. indic. test (R/T §5.2). Regular phonology: *ōθi → -eþ (i-umlaut of *ō). Attested macaþ is analogical.			make (3sg)	*makōθi	369
2311	b o r a	*burô	bora	bora	541	Old_English	Class II weak iptv. 2sg test. Trimoric *ō → OE -a.			bore (iptv.2sg)	*burô	370
2312	b o r e þ	*burōθi	boreθ	boreþ	542	Old_English	Class II weak 3sg pres. indic. test. Regular phonology: *ōθi → -eþ (i-umlaut of *ō). Attested boraþ is analogical.			bore (3sg)	*burōθi	371
2313	l e o r n a	*liznô	leorna	leorna	543	Old_English	Class II weak iptv. 2sg test. Trimoric *ō → OE -a.			learn (iptv.2sg)	*liznô	372
2314	l e o r n e þ	*liznōθi	leorneθ	leorneþ	544	Old_English	Class II weak 3sg pres. indic. test. Regular phonology: *ōθi → -eþ. Root vowel issue (ie vs eo) same as infinitive.			learn (3sg)	*liznōθi	373
2315	l i c c a	*likkô	likka	licca	545	Old_English	Class II weak iptv. 2sg test. Trimoric *ō → OE -a.			lick (iptv.2sg)	*likkô	374
2316	l i c c e þ	*likkōθi	likkeθ	licceþ	546	Old_English	Class II weak 3sg pres. indic. test. Regular phonology: *ōθi → -eþ. Root palatalization issue same as infinitive.			lick (3sg)	*likkōθi	375
2317	s ċ ē a w a	*skawô	skeawa	sċēawa	547	Old_English	Class II weak iptv. 2sg test. Trimoric *ō → OE -a. Normalized sċ: Campbell §440.			show (iptv.2sg)	*skawô	376
2318	s ċ ē a w e þ	*skawōθi	skeaweθ	sċēaweþ	548	Old_English	Class II weak 3sg pres. indic. test. Regular phonology: *ōθi → -eþ. Normalized sċ: Campbell §440.			show (3sg)	*skawōθi	377
